time,tl_id,chosen_action,pressure,upstream_sum,active_veh
6.0,J1,0,0,0,4
6.0,J2,0,0,0,4
6.0,J3,0,0,0,4
6.0,J4,0,0,0,4
11.0,J1,0,0,0,4
11.0,J2,0,0,0,4
11.0,J3,0,0,0,4
11.0,J4,0,0,0,4
16.0,J1,0,0,0,4
16.0,J2,0,0,0,4
16.0,J3,0,0,0,4
16.0,J4,0,0,0,4
21.0,J1,1,1,1,4
21.0,J2,0,0,0,4
21.0,J3,0,0,0,4
21.0,J4,1,1,1,4
26.0,J1,1,1,1,4
26.0,J2,0,0,0,4
26.0,J3,0,0,0,4
26.0,J4,1,0,0,4
31.0,J1,3,3,3,5
31.0,J2,0,0,0,5
31.0,J3,0,0,0,5
31.0,J4,0,0,0,5
36.0,J1,3,0,0,5
36.0,J2,0,0,0,5
36.0,J3,0,0,0,5
36.0,J4,0,0,0,5
41.0,J1,0,0,0,7
41.0,J2,0,1,1,7
41.0,J3,0,0,0,7
41.0,J4,0,1,1,7
46.0,J1,0,0,0,6
46.0,J2,0,0,0,6
46.0,J3,0,0,0,6
46.0,J4,0,0,0,6
51.0,J1,1,1,1,5
51.0,J2,0,0,0,5
51.0,J3,0,0,0,5
51.0,J4,0,0,0,5
56.0,J1,1,1,1,5
56.0,J2,0,0,0,5
56.0,J3,0,0,0,5
56.0,J4,0,0,0,5
61.0,J1,3,3,3,7
61.0,J2,0,1,1,7
61.0,J3,0,0,0,7
61.0,J4,1,1,1,7
66.0,J1,3,0,0,7
66.0,J2,0,1,1,7
66.0,J3,0,0,0,7
66.0,J4,1,0,0,7
71.0,J1,0,0,0,6
71.0,J2,0,1,1,6
71.0,J3,1,1,1,6
71.0,J4,0,0,0,6
76.0,J1,0,1,1,6
76.0,J2,0,1,1,6
76.0,J3,1,0,0,6
76.0,J4,0,0,0,6
81.0,J1,1,1,1,8
81.0,J2,1,2,2,8
81.0,J3,0,0,0,8
81.0,J4,0,1,1,8
86.0,J1,1,1,1,7
86.0,J2,1,0,0,7
86.0,J3,0,0,0,7
86.0,J4,0,0,0,7
91.0,J1,3,3,3,9
91.0,J2,0,0,0,9
91.0,J3,0,0,0,9
91.0,J4,0,0,0,9
96.0,J1,3,0,0,8
96.0,J2,0,0,0,8
96.0,J3,0,0,0,8
96.0,J4,0,0,0,8
101.0,J1,0,1,1,7
101.0,J2,1,0,0,7
101.0,J3,0,0,0,7
101.0,J4,1,1,1,7
106.0,J1,0,1,1,7
106.0,J2,1,0,0,7
106.0,J3,1,1,1,7
106.0,J4,1,0,0,7
111.0,J1,1,1,1,7
111.0,J2,0,0,0,7
111.0,J3,1,0,0,7
111.0,J4,0,0,0,7
116.0,J1,1,1,1,6
116.0,J2,0,0,0,6
116.0,J3,0,0,0,6
116.0,J4,0,0,0,6
121.0,J1,3,3,3,8
121.0,J2,1,2,2,8
121.0,J3,0,0,0,8
121.0,J4,0,1,1,8
126.0,J1,3,0,0,8
126.0,J2,1,0,0,8
126.0,J3,0,0,0,8
126.0,J4,0,0,0,8
131.0,J1,0,0,0,8
131.0,J2,0,0,0,8
131.0,J3,1,1,1,8
131.0,J4,0,0,0,8
136.0,J1,0,0,0,6
136.0,J2,0,0,0,6
136.0,J3,1,0,0,6
136.0,J4,0,0,0,6
141.0,J1,1,1,1,6
141.0,J2,0,0,0,6
141.0,J3,0,0,0,6
141.0,J4,1,1,1,6
146.0,J1,1,0,0,5
146.0,J2,0,0,0,5
146.0,J3,0,0,0,5
146.0,J4,1,0,0,5
151.0,J1,0,3,3,7
151.0,J2,3,1,1,7
151.0,J3,0,0,0,7
151.0,J4,0,0,0,7
156.0,J1,0,0,0,7
156.0,J2,3,0,0,7
156.0,J3,0,0,0,7
156.0,J4,0,0,0,7
161.0,J1,0,0,0,9
161.0,J2,1,2,2,9
161.0,J3,1,1,1,9
161.0,J4,0,1,1,9
166.0,J1,0,0,0,7
166.0,J2,1,0,0,7
166.0,J3,1,0,0,7
166.0,J4,0,0,0,7
171.0,J1,1,1,1,7
171.0,J2,0,0,0,7
171.0,J3,0,0,0,7
171.0,J4,0,0,0,7
176.0,J1,1,0,0,4
176.0,J2,0,0,0,4
176.0,J3,0,0,0,4
176.0,J4,0,0,0,4
181.0,J1,0,2,2,6
181.0,J2,3,1,1,6
181.0,J3,0,0,0,6
181.0,J4,1,1,1,6
186.0,J1,0,0,0,6
186.0,J2,3,0,0,6
186.0,J3,0,0,0,6
186.0,J4,1,0,0,6
191.0,J1,0,0,0,6
191.0,J2,0,0,0,6
191.0,J3,1,1,1,6
191.0,J4,0,0,0,6
196.0,J1,0,0,0,6
196.0,J2,0,0,0,6
196.0,J3,1,0,0,6
196.0,J4,0,0,0,6
201.0,J1,1,1,1,7
201.0,J2,1,2,2,7
201.0,J3,0,0,0,7
201.0,J4,0,1,1,7
206.0,J1,1,0,0,5
206.0,J2,1,0,0,5
206.0,J3,0,0,0,5
206.0,J4,0,0,0,5
211.0,J1,0,2,2,7
211.0,J2,3,1,1,7
211.0,J3,0,0,0,7
211.0,J4,0,0,0,7
216.0,J1,0,0,0,6
216.0,J2,3,0,0,6
216.0,J3,0,0,0,6
216.0,J4,0,0,0,6
221.0,J1,0,0,0,6
221.0,J2,0,1,1,6
221.0,J3,1,1,1,6
221.0,J4,1,1,1,6
226.0,J1,0,0,0,6
226.0,J2,0,0,0,6
226.0,J3,1,0,0,6
226.0,J4,1,0,0,6
231.0,J1,1,1,1,6
231.0,J2,0,0,0,6
231.0,J3,0,0,0,6
231.0,J4,0,0,0,6
236.0,J1,1,0,0,4
236.0,J2,0,0,0,4
236.0,J3,0,0,0,4
236.0,J4,0,0,0,4
241.0,J1,0,3,3,8
241.0,J2,1,2,2,8
241.0,J3,0,0,0,8
241.0,J4,0,1,1,8
246.0,J1,0,0,0,8
246.0,J2,1,1,1,8
246.0,J3,0,0,0,8
246.0,J4,0,0,0,8
251.0,J1,0,0,0,8
251.0,J2,3,1,1,8
251.0,J3,1,1,1,8
251.0,J4,0,0,0,8
256.0,J1,0,0,0,6
256.0,J2,3,0,0,6
256.0,J3,1,0,0,6
256.0,J4,0,0,0,6
261.0,J1,1,1,1,6
261.0,J2,0,1,1,6
261.0,J3,0,0,0,6
261.0,J4,1,1,1,6
266.0,J1,1,0,0,5
266.0,J2,0,0,0,5
266.0,J3,0,0,0,5
266.0,J4,1,0,0,5
271.0,J1,0,2,2,7
271.0,J2,3,1,1,7
271.0,J3,0,0,0,7
271.0,J4,0,0,0,7
276.0,J1,0,0,0,6
276.0,J2,3,0,0,6
276.0,J3,0,0,0,6
276.0,J4,0,0,0,6
281.0,J1,0,0,0,8
281.0,J2,1,2,2,8
281.0,J3,1,1,1,8
281.0,J4,0,1,1,8
286.0,J1,3,1,1,8
286.0,J2,1,0,0,8
286.0,J3,1,0,0,8
286.0,J4,0,0,0,8
291.0,J1,3,1,1,7
291.0,J2,0,0,0,7
291.0,J3,0,0,0,7
291.0,J4,0,0,0,7
296.0,J1,1,1,1,4
296.0,J2,0,0,0,4
296.0,J3,0,0,0,4
296.0,J4,0,0,0,4
301.0,J1,1,2,2,6
301.0,J2,0,0,0,6
301.0,J3,0,0,0,6
301.0,J4,1,1,1,6
306.0,J1,0,0,0,6
306.0,J2,0,0,0,6
306.0,J3,0,0,0,6
306.0,J4,1,0,0,6
311.0,J1,0,0,0,6
311.0,J2,0,0,0,6
311.0,J3,0,0,0,6
311.0,J4,0,0,0,6
316.0,J1,0,0,0,6
316.0,J2,0,0,0,6
316.0,J3,1,1,1,6
316.0,J4,0,0,0,6
321.0,J1,1,1,1,7
321.0,J2,1,2,2,7
321.0,J3,1,0,0,7
321.0,J4,0,1,1,7
326.0,J1,1,1,1,7
326.0,J2,1,0,0,7
326.0,J3,0,0,0,7
326.0,J4,0,0,0,7
331.0,J1,3,3,3,7
331.0,J2,0,0,0,7
331.0,J3,0,0,0,7
331.0,J4,0,0,0,7
336.0,J1,3,0,0,6
336.0,J2,0,0,0,6
336.0,J3,0,0,0,6
336.0,J4,0,0,0,6
341.0,J1,0,0,0,6
341.0,J2,0,0,0,6
341.0,J3,1,1,1,6
341.0,J4,1,1,1,6
346.0,J1,0,0,0,6
346.0,J2,0,0,0,6
346.0,J3,1,0,0,6
346.0,J4,1,0,0,6
351.0,J1,1,1,1,6
351.0,J2,0,0,0,6
351.0,J3,0,0,0,6
351.0,J4,0,0,0,6
356.0,J1,1,1,1,5
356.0,J2,0,0,0,5
356.0,J3,0,0,0,5
356.0,J4,0,0,0,5
361.0,J1,3,3,3,8
361.0,J2,1,2,2,8
361.0,J3,0,0,0,8
361.0,J4,0,1,1,8
366.0,J1,3,0,0,8
366.0,J2,1,0,0,8
366.0,J3,0,0,0,8
366.0,J4,0,0,0,8
371.0,J1,0,0,0,7
371.0,J2,0,0,0,7
371.0,J3,1,1,1,7
371.0,J4,0,0,0,7
376.0,J1,0,1,1,6
376.0,J2,0,0,0,6
376.0,J3,1,0,0,6
376.0,J4,0,0,0,6
381.0,J1,1,1,1,6
381.0,J2,0,0,0,6
381.0,J3,0,0,0,6
381.0,J4,1,1,1,6
386.0,J1,1,1,1,5
386.0,J2,0,0,0,5
386.0,J3,0,0,0,5
386.0,J4,1,0,0,5
391.0,J1,0,3,3,7
391.0,J2,1,0,0,7
391.0,J3,0,0,0,7
391.0,J4,0,0,0,7
396.0,J1,0,1,1,7
396.0,J2,1,0,0,7
396.0,J3,0,0,0,7
396.0,J4,0,0,0,7
401.0,J1,3,1,1,9
401.0,J2,0,1,1,9
401.0,J3,1,1,1,9
401.0,J4,0,1,1,9
406.0,J1,3,0,0,7
406.0,J2,0,0,0,7
406.0,J3,1,0,0,7
406.0,J4,0,0,0,7
411.0,J1,1,1,1,6
411.0,J2,0,0,0,6
411.0,J3,0,0,0,6
411.0,J4,0,0,0,6
416.0,J1,1,0,0,5
416.0,J2,0,0,0,5
416.0,J3,0,0,0,5
416.0,J4,0,0,0,5
421.0,J1,0,2,2,7
421.0,J2,0,0,0,7
421.0,J3,0,0,0,7
421.0,J4,1,1,1,7
426.0,J1,0,0,0,7
426.0,J2,0,0,0,7
426.0,J3,0,0,0,7
426.0,J4,1,0,0,7
431.0,J1,0,0,0,7
431.0,J2,0,0,0,7
431.0,J3,1,1,1,7
431.0,J4,0,0,0,7
436.0,J1,0,0,0,6
436.0,J2,0,0,0,6
436.0,J3,1,0,0,6
436.0,J4,0,0,0,6
441.0,J1,1,1,1,8
441.0,J2,1,2,2,8
441.0,J3,0,0,0,8
441.0,J4,0,1,1,8
446.0,J1,1,0,0,6
446.0,J2,1,0,0,6
446.0,J3,0,0,0,6
446.0,J4,0,0,0,6
451.0,J1,0,2,2,7
451.0,J2,3,1,1,7
451.0,J3,0,0,0,7
451.0,J4,0,0,0,7
456.0,J1,0,0,0,6
456.0,J2,3,0,0,6
456.0,J3,0,0,0,6
456.0,J4,0,0,0,6
461.0,J1,0,0,0,6
461.0,J2,0,1,1,6
461.0,J3,1,1,1,6
461.0,J4,1,1,1,6
466.0,J1,0,0,0,6
466.0,J2,0,0,0,6
466.0,J3,1,0,0,6
466.0,J4,1,0,0,6
471.0,J1,1,1,1,6
471.0,J2,0,0,0,6
471.0,J3,0,0,0,6
471.0,J4,0,0,0,6
476.0,J1,1,0,0,4
476.0,J2,0,0,0,4
476.0,J3,0,0,0,4
476.0,J4,0,0,0,4
481.0,J1,0,3,3,8
481.0,J2,1,2,2,8
481.0,J3,0,0,0,8
481.0,J4,0,1,1,8
486.0,J1,0,0,0,8
486.0,J2,1,1,1,8
486.0,J3,0,0,0,8
486.0,J4,0,0,0,8
491.0,J1,0,0,0,8
491.0,J2,3,1,1,8
491.0,J3,1,1,1,8
491.0,J4,0,0,0,8
496.0,J1,0,0,0,6
496.0,J2,3,0,0,6
496.0,J3,1,0,0,6
496.0,J4,0,0,0,6
501.0,J1,1,1,1,6
501.0,J2,0,1,1,6
501.0,J3,0,0,0,6
501.0,J4,1,1,1,6
506.0,J1,1,0,0,5
506.0,J2,0,0,0,5
506.0,J3,0,0,0,5
506.0,J4,1,0,0,5
511.0,J1,0,2,2,7
511.0,J2,0,0,0,7
511.0,J3,0,0,0,7
511.0,J4,0,0,0,7
516.0,J1,0,0,0,6
516.0,J2,3,1,1,6
516.0,J3,0,0,0,6
516.0,J4,0,0,0,6
521.0,J1,0,0,0,8
521.0,J2,3,2,2,8
521.0,J3,1,1,1,8
521.0,J4,0,1,1,8
526.0,J1,0,0,0,7
526.0,J2,1,1,1,7
526.0,J3,1,0,0,7
526.0,J4,0,0,0,7
531.0,J1,1,1,1,7
531.0,J2,1,0,0,7
531.0,J3,0,0,0,7
531.0,J4,0,0,0,7
536.0,J1,1,0,0,6
536.0,J2,0,0,0,6
536.0,J3,0,0,0,6
536.0,J4,0,0,0,6
541.0,J1,0,2,2,7
541.0,J2,0,0,0,7
541.0,J3,0,0,0,7
541.0,J4,1,1,1,7
546.0,J1,0,0,0,6
546.0,J2,3,1,1,6
546.0,J3,0,0,0,6
546.0,J4,1,0,0,6
551.0,J1,0,0,0,6
551.0,J2,3,0,0,6
551.0,J3,1,1,1,6
551.0,J4,0,0,0,6
556.0,J1,0,0,0,6
556.0,J2,0,0,0,6
556.0,J3,1,0,0,6
556.0,J4,0,0,0,6
561.0,J1,1,1,1,7
561.0,J2,0,2,2,7
561.0,J3,0,0,0,7
561.0,J4,0,1,1,7
566.0,J1,1,0,0,6
566.0,J2,1,1,1,6
566.0,J3,0,0,0,6
566.0,J4,0,0,0,6
571.0,J1,0,2,2,7
571.0,J2,1,1,1,7
571.0,J3,0,0,0,7
571.0,J4,0,0,0,7
576.0,J1,0,0,0,7
576.0,J2,3,1,1,7
576.0,J3,0,0,0,7
576.0,J4,0,0,0,7
581.0,J1,0,0,0,6
581.0,J2,3,1,1,6
581.0,J3,1,1,1,6
581.0,J4,1,1,1,6
586.0,J1,0,0,0,6
586.0,J2,0,1,1,6
586.0,J3,1,0,0,6
586.0,J4,1,0,0,6
591.0,J1,1,1,1,6
591.0,J2,0,0,0,6
591.0,J3,0,0,0,6
591.0,J4,0,0,0,6
596.0,J1,1,1,1,5
596.0,J2,0,0,0,5
596.0,J3,0,0,0,5
596.0,J4,0,0,0,5
601.0,J1,3,3,3,10
601.0,J2,1,2,2,10
601.0,J3,0,2,2,10
601.0,J4,0,1,1,10
606.0,J1,3,1,1,12
606.0,J2,1,0,0,12
606.0,J3,0,0,0,12
606.0,J4,0,0,0,12
611.0,J1,0,2,2,14
611.0,J2,1,1,1,14
611.0,J3,1,1,1,14
611.0,J4,0,0,0,14
616.0,J1,0,1,1,17
616.0,J2,0,0,0,17
616.0,J3,1,1,1,17
616.0,J4,3,1,1,17
621.0,J1,1,2,2,19
621.0,J2,0,1,1,19
621.0,J3,0,1,1,19
621.0,J4,3,0,0,19
626.0,J1,1,1,1,19
626.0,J2,1,1,1,19
626.0,J3,0,0,0,19
626.0,J4,0,0,0,19
631.0,J1,3,3,3,22
631.0,J2,1,1,1,22
631.0,J3,0,1,1,22
631.0,J4,0,1,1,22
636.0,J1,3,1,1,22
636.0,J2,0,1,1,22
636.0,J3,0,0,0,22
636.0,J4,1,1,1,22
641.0,J1,2,2,2,27
641.0,J2,0,1,1,27
641.0,J3,1,2,2,27
641.0,J4,1,1,1,27
646.0,J1,2,2,2,29
646.0,J2,0,0,0,29
646.0,J3,1,1,1,29
646.0,J4,0,0,0,29
651.0,J1,1,3,3,31
651.0,J2,1,2,2,31
651.0,J3,0,1,1,31
651.0,J4,0,0,0,31
656.0,J1,1,1,1,27
656.0,J2,1,2,2,27
656.0,J3,0,0,0,27
656.0,J4,0,0,0,27
661.0,J1,0,3,3,30
661.0,J2,2,3,3,30
661.0,J3,1,2,2,30
661.0,J4,0,0,0,30
666.0,J1,0,2,2,31
666.0,J2,2,1,1,31
666.0,J3,1,0,0,31
666.0,J4,0,0,0,31
671.0,J1,3,3,3,31
671.0,J2,0,2,2,31
671.0,J3,0,1,1,31
671.0,J4,1,1,1,31
676.0,J1,3,2,2,31
676.0,J2,0,1,1,31
676.0,J3,0,2,2,31
676.0,J4,1,0,0,31
681.0,J1,1,3,4,32
681.0,J2,1,3,3,32
681.0,J3,3,2,2,32
681.0,J4,0,1,1,32
686.0,J1,1,0,0,31
686.0,J2,1,1,1,31
686.0,J3,3,1,1,31
686.0,J4,0,0,0,31
691.0,J1,3,2,2,32
691.0,J2,2,2,2,32
691.0,J3,1,2,2,32
691.0,J4,0,0,0,32
696.0,J1,3,1,1,31
696.0,J2,2,1,1,31
696.0,J3,1,0,0,31
696.0,J4,0,0,0,31
701.0,J1,1,2,2,34
701.0,J2,0,2,2,34
701.0,J3,0,0,0,34
701.0,J4,1,1,1,34
706.0,J1,1,4,4,33
706.0,J2,0,1,1,33
706.0,J3,0,1,1,33
706.0,J4,1,0,0,33
711.0,J1,2,4,4,33
711.0,J2,1,3,3,33
711.0,J3,1,1,1,33
711.0,J4,0,2,2,33
716.0,J1,2,2,2,30
716.0,J2,1,1,1,30
716.0,J3,1,1,1,30
716.0,J4,0,0,0,30
721.0,J1,0,4,4,33
721.0,J2,2,2,2,33
721.0,J3,3,3,3,33
721.0,J4,0,1,1,33
726.0,J1,0,1,1,32
726.0,J2,2,1,1,32
726.0,J3,3,1,1,32
726.0,J4,0,0,0,32
731.0,J1,1,3,3,33
731.0,J2,0,2,2,33
731.0,J3,0,1,1,33
731.0,J4,1,1,1,33
736.0,J1,1,3,3,33
736.0,J2,0,1,1,33
736.0,J3,0,1,1,33
736.0,J4,1,0,0,33
741.0,J1,2,2,3,35
741.0,J2,1,3,3,35
741.0,J3,1,1,1,35
741.0,J4,0,1,1,35
746.0,J1,2,1,1,32
746.0,J2,1,3,3,32
746.0,J3,1,0,0,32
746.0,J4,0,0,0,32
751.0,J1,0,3,3,32
751.0,J2,3,4,4,32
751.0,J3,0,3,3,32
751.0,J4,0,0,0,32
756.0,J1,0,1,1,32
756.0,J2,3,1,1,32
756.0,J3,0,0,0,32
756.0,J4,0,0,0,32
761.0,J1,1,3,4,36
761.0,J2,0,2,2,36
761.0,J3,3,2,2,36
761.0,J4,0,1,1,36
766.0,J1,1,2,2,37
766.0,J2,0,3,3,37
766.0,J3,3,2,2,37
766.0,J4,1,2,2,37
771.0,J1,3,2,2,40
771.0,J2,2,4,4,40
771.0,J3,0,1,1,40
771.0,J4,1,0,0,40
776.0,J1,3,0,1,35
776.0,J2,2,2,2,35
776.0,J3,0,1,1,35
776.0,J4,0,0,0,35
781.0,J1,3,2,2,37
781.0,J2,1,4,4,37
781.0,J3,1,4,4,37
781.0,J4,0,1,1,37
786.0,J1,1,1,1,34
786.0,J2,1,2,2,34
786.0,J3,1,0,0,34
786.0,J4,3,1,1,34
791.0,J1,1,1,1,34
791.0,J2,3,3,3,34
791.0,J3,0,1,1,34
791.0,J4,3,0,0,34
796.0,J1,3,2,2,34
796.0,J2,3,2,2,34
796.0,J3,0,1,1,34
796.0,J4,0,0,0,34
801.0,J1,3,1,1,37
801.0,J2,1,4,4,37
801.0,J3,0,1,1,37
801.0,J4,0,1,1,37
806.0,J1,1,0,0,37
806.0,J2,1,2,2,37
806.0,J3,0,0,0,37
806.0,J4,1,3,3,37
811.0,J1,1,1,1,39
811.0,J2,0,4,4,39
811.0,J3,1,4,4,39
811.0,J4,1,0,0,39
816.0,J1,0,1,1,36
816.0,J2,0,2,2,36
816.0,J3,1,0,0,36
816.0,J4,0,0,0,36
821.0,J1,0,1,1,37
821.0,J2,2,3,3,37
821.0,J3,0,0,0,37
821.0,J4,0,1,1,37
826.0,J1,3,2,2,34
826.0,J2,2,1,1,34
826.0,J3,0,2,2,34
826.0,J4,1,3,3,34
831.0,J1,3,1,3,34
831.0,J2,1,3,3,34
831.0,J3,1,1,2,34
831.0,J4,1,1,1,34
836.0,J1,1,2,2,32
836.0,J2,1,1,1,32
836.0,J3,1,0,0,32
836.0,J4,0,2,2,32
841.0,J1,1,2,2,35
841.0,J2,0,3,3,35
841.0,J3,3,3,3,35
841.0,J4,0,1,1,35
846.0,J1,3,1,1,33
846.0,J2,0,1,1,33
846.0,J3,3,2,2,33
846.0,J4,0,0,0,33
851.0,J1,3,1,1,30
851.0,J2,1,2,2,30
851.0,J3,0,2,2,30
851.0,J4,0,0,0,30
856.0,J1,0,1,1,32
856.0,J2,1,2,2,32
856.0,J3,0,1,1,32
856.0,J4,1,3,3,32
861.0,J1,0,1,1,33
861.0,J2,2,4,4,33
861.0,J3,1,4,4,33
861.0,J4,1,1,1,33
866.0,J1,1,1,1,33
866.0,J2,2,0,0,33
866.0,J3,1,0,0,33
866.0,J4,0,1,1,33
871.0,J1,1,2,2,34
871.0,J2,1,1,2,34
871.0,J3,0,2,2,34
871.0,J4,0,1,1,34
876.0,J1,3,1,1,32
876.0,J2,1,1,1,32
876.0,J3,0,1,1,32
876.0,J4,1,2,2,32
881.0,J1,3,1,1,32
881.0,J2,0,2,2,32
881.0,J3,3,2,2,32
881.0,J4,1,1,1,32
886.0,J1,0,1,1,32
886.0,J2,0,1,1,32
886.0,J3,3,2,2,32
886.0,J4,0,0,0,32
891.0,J1,0,2,2,33
891.0,J2,2,3,3,33
891.0,J3,1,3,3,33
891.0,J4,0,1,1,33
896.0,J1,1,1,1,30
896.0,J2,2,1,2,30
896.0,J3,1,0,0,30
896.0,J4,1,0,1,30
901.0,J1,1,3,3,33
901.0,J2,1,4,4,33
901.0,J3,0,1,1,33
901.0,J4,1,0,0,33
906.0,J1,2,2,2,32
906.0,J2,1,1,1,32
906.0,J3,0,0,0,32
906.0,J4,0,0,0,32
911.0,J1,2,3,3,30
911.0,J2,0,2,2,30
911.0,J3,3,1,1,30
911.0,J4,0,0,0,30
916.0,J1,3,3,3,30
916.0,J2,0,1,1,30
916.0,J3,3,2,2,30
916.0,J4,0,0,0,30
921.0,J1,3,1,1,32
921.0,J2,2,2,2,32
921.0,J3,1,4,4,32
921.0,J4,1,2,2,32
926.0,J1,1,1,1,32
926.0,J2,2,1,1,32
926.0,J3,1,0,0,32
926.0,J4,1,0,0,32
931.0,J1,1,2,2,34
931.0,J2,1,3,3,34
931.0,J3,0,1,1,34
931.0,J4,0,0,0,34
936.0,J1,2,2,2,31
936.0,J2,1,3,3,31
936.0,J3,0,0,0,31
936.0,J4,0,0,0,31
941.0,J1,2,3,3,30
941.0,J2,0,4,4,30
941.0,J3,1,1,1,30
941.0,J4,0,0,0,30
946.0,J1,3,3,3,32
946.0,J2,0,0,0,32
946.0,J3,1,1,1,32
946.0,J4,0,0,0,32
951.0,J1,3,2,2,36
951.0,J2,1,1,2,36
951.0,J3,0,0,0,36
951.0,J4,1,1,1,36
956.0,J1,1,1,1,31
956.0,J2,1,1,1,31
956.0,J3,0,0,1,31
956.0,J4,1,1,1,31
961.0,J1,1,4,4,34
961.0,J2,0,3,3,34
961.0,J3,1,2,2,34
961.0,J4,0,2,2,34
966.0,J1,2,3,3,32
966.0,J2,0,0,0,32
966.0,J3,1,0,0,32
966.0,J4,0,0,0,32
971.0,J1,2,2,2,31
971.0,J2,1,2,2,31
971.0,J3,3,1,1,31
971.0,J4,0,0,0,31
976.0,J1,3,2,2,33
976.0,J2,1,1,1,33
976.0,J3,3,1,1,33
976.0,J4,1,2,2,33
981.0,J1,3,2,2,32
981.0,J2,0,2,2,32
981.0,J3,1,3,3,32
981.0,J4,1,0,0,32
986.0,J1,1,1,1,33
986.0,J2,0,0,0,33
986.0,J3,1,0,0,33
986.0,J4,0,2,2,33
991.0,J1,1,3,3,34
991.0,J2,1,1,2,34
991.0,J3,0,3,3,34
991.0,J4,0,1,1,34
996.0,J1,2,2,2,29
996.0,J2,1,0,0,29
996.0,J3,0,0,0,29
996.0,J4,1,1,1,29
1001.0,J1,2,1,1,30
1001.0,J2,0,1,1,30
1001.0,J3,3,2,2,30
1001.0,J4,1,1,1,30
1006.0,J1,3,2,2,30
1006.0,J2,0,1,1,30
1006.0,J3,3,2,2,30
1006.0,J4,0,1,1,30
1011.0,J1,3,1,1,33
1011.0,J2,1,2,2,33
1011.0,J3,1,3,3,33
1011.0,J4,0,0,0,33
1016.0,J1,1,1,1,32
1016.0,J2,1,0,0,32
1016.0,J3,1,2,2,32
1016.0,J4,1,2,2,32
1021.0,J1,1,2,2,34
1021.0,J2,0,1,1,34
1021.0,J3,0,3,3,34
1021.0,J4,1,1,1,34
1026.0,J1,0,1,1,31
1026.0,J2,0,2,2,31
1026.0,J3,0,0,0,31
1026.0,J4,0,0,0,31
1031.0,J1,0,1,1,30
1031.0,J2,2,3,3,30
1031.0,J3,0,0,0,30
1031.0,J4,0,1,1,30
1036.0,J1,1,1,2,32
1036.0,J2,2,0,2,32
1036.0,J3,1,1,2,32
1036.0,J4,1,1,2,32
1041.0,J1,1,1,1,35
1041.0,J2,1,4,4,35
1041.0,J3,1,1,1,35
1041.0,J4,1,2,2,35
1046.0,J1,0,0,0,34
1046.0,J2,1,1,1,34
1046.0,J3,0,0,1,34
1046.0,J4,0,1,1,34
1051.0,J1,0,2,2,33
1051.0,J2,3,3,3,33
1051.0,J3,0,1,1,33
1051.0,J4,0,1,1,33
1056.0,J1,3,1,1,30
1056.0,J2,3,1,1,30
1056.0,J3,1,1,1,30
1056.0,J4,3,1,1,30
1061.0,J1,3,2,2,32
1061.0,J2,1,2,3,32
1061.0,J3,1,0,0,32
1061.0,J4,3,0,1,32
1066.0,J1,1,2,2,34
1066.0,J2,1,3,3,34
1066.0,J3,0,2,2,34
1066.0,J4,1,3,3,34
1071.0,J1,1,2,2,36
1071.0,J2,2,4,4,36
1071.0,J3,0,0,0,36
1071.0,J4,1,0,0,36
1076.0,J1,3,1,1,34
1076.0,J2,2,2,2,34
1076.0,J3,0,0,0,34
1076.0,J4,0,0,0,34
1081.0,J1,3,2,2,36
1081.0,J2,0,4,4,36
1081.0,J3,0,2,2,36
1081.0,J4,0,1,2,36
1086.0,J1,0,1,1,35
1086.0,J2,0,1,3,35
1086.0,J3,1,1,1,35
1086.0,J4,1,0,2,35
1091.0,J1,0,2,2,36
1091.0,J2,1,5,5,36
1091.0,J3,1,0,0,36
1091.0,J4,1,0,0,36
1096.0,J1,1,2,2,37
1096.0,J2,1,0,0,37
1096.0,J3,0,1,1,37
1096.0,J4,0,0,0,37
1101.0,J1,1,2,2,32
1101.0,J2,0,2,2,32
1101.0,J3,0,0,0,32
1101.0,J4,0,0,1,32
1106.0,J1,3,1,1,30
1106.0,J2,0,2,2,30
1106.0,J3,0,0,0,30
1106.0,J4,0,0,0,30
1111.0,J1,3,1,1,33
1111.0,J2,2,3,3,33
1111.0,J3,0,1,1,33
1111.0,J4,1,0,1,33
1116.0,J1,0,0,0,30
1116.0,J2,2,2,2,30
1116.0,J3,1,1,1,30
1116.0,J4,1,1,1,30
1121.0,J1,0,2,2,34
1121.0,J2,1,4,4,34
1121.0,J3,1,1,1,34
1121.0,J4,3,2,2,34
1126.0,J1,1,2,2,33
1126.0,J2,1,1,1,33
1126.0,J3,0,2,2,33
1126.0,J4,3,0,0,33
1131.0,J1,1,2,2,32
1131.0,J2,0,2,2,32
1131.0,J3,0,0,0,32
1131.0,J4,0,0,0,32
1136.0,J1,3,2,2,30
1136.0,J2,0,1,1,30
1136.0,J3,0,0,0,30
1136.0,J4,0,0,0,30
1141.0,J1,3,2,2,33
1141.0,J2,2,3,3,33
1141.0,J3,1,2,2,33
1141.0,J4,1,0,1,33
1146.0,J1,0,0,0,34
1146.0,J2,2,2,2,34
1146.0,J3,1,0,0,34
1146.0,J4,1,0,0,34
1151.0,J1,0,2,2,33
1151.0,J2,1,4,4,33
1151.0,J3,3,1,1,33
1151.0,J4,0,0,0,33
1156.0,J1,1,2,2,32
1156.0,J2,1,1,1,32
1156.0,J3,3,1,1,32
1156.0,J4,0,0,0,32
1161.0,J1,1,2,3,32
1161.0,J2,0,2,2,32
1161.0,J3,0,1,1,32
1161.0,J4,0,1,1,32
1166.0,J1,2,1,2,33
1166.0,J2,0,2,2,33
1166.0,J3,0,0,0,33
1166.0,J4,0,0,0,33
1171.0,J1,2,3,3,34
1171.0,J2,2,3,3,34
1171.0,J3,0,1,1,34
1171.0,J4,0,0,0,34
1176.0,J1,3,2,2,33
1176.0,J2,2,1,1,33
1176.0,J3,1,1,1,33
1176.0,J4,1,3,3,33
1181.0,J1,3,2,2,34
1181.0,J2,1,3,3,34
1181.0,J3,1,0,0,34
1181.0,J4,1,0,0,34
1186.0,J1,2,2,3,33
1186.0,J2,1,1,1,33
1186.0,J3,0,1,1,33
1186.0,J4,0,0,0,33
1191.0,J1,2,3,3,34
1191.0,J2,0,4,4,34
1191.0,J3,0,0,0,34
1191.0,J4,0,0,0,34
1196.0,J1,1,2,2,30
1196.0,J2,0,1,1,30
1196.0,J3,3,1,1,30
1196.0,J4,0,0,0,30
1201.0,J1,1,3,3,35
1201.0,J2,3,2,2,35
1201.0,J3,3,2,2,35
1201.0,J4,1,2,2,35
1206.0,J1,2,2,2,35
1206.0,J2,3,1,1,35
1206.0,J3,1,0,0,35
1206.0,J4,1,1,1,35
1211.0,J1,2,3,3,35
1211.0,J2,0,3,3,35
1211.0,J3,1,0,0,35
1211.0,J4,0,2,2,35
1216.0,J1,3,3,3,35
1216.0,J2,0,2,2,35
1216.0,J3,0,1,1,35
1216.0,J4,0,0,0,35
1221.0,J1,3,2,2,36
1221.0,J2,1,4,4,36
1221.0,J3,0,0,0,36
1221.0,J4,0,0,0,36
1226.0,J1,2,0,0,30
1226.0,J2,1,1,1,30
1226.0,J3,1,2,2,30
1226.0,J4,0,0,0,30
1231.0,J1,2,4,4,31
1231.0,J2,0,3,3,31
1231.0,J3,1,2,2,31
1231.0,J4,0,0,0,31
1236.0,J1,1,3,3,31
1236.0,J2,0,1,1,31
1236.0,J3,0,1,1,31
1236.0,J4,0,0,0,31
1241.0,J1,1,3,3,35
1241.0,J2,1,1,2,35
1241.0,J3,0,2,2,35
1241.0,J4,1,2,2,35
1246.0,J1,3,3,3,34
1246.0,J2,1,1,1,34
1246.0,J3,3,2,2,34
1246.0,J4,1,0,0,34
1251.0,J1,3,1,1,36
1251.0,J2,0,2,2,36
1251.0,J3,3,0,1,36
1251.0,J4,0,1,1,36
1256.0,J1,0,0,0,33
1256.0,J2,0,1,1,33
1256.0,J3,0,1,1,33
1256.0,J4,0,0,0,33
1261.0,J1,0,2,2,36
1261.0,J2,2,3,3,36
1261.0,J3,0,5,5,36
1261.0,J4,1,1,1,36
1266.0,J1,3,1,1,34
1266.0,J2,2,1,1,34
1266.0,J3,1,5,5,34
1266.0,J4,1,0,0,34
1271.0,J1,3,3,3,33
1271.0,J2,1,4,4,33
1271.0,J3,1,0,0,33
1271.0,J4,0,0,0,33
1276.0,J1,1,3,3,33
1276.0,J2,1,1,1,33
1276.0,J3,0,2,2,33
1276.0,J4,0,0,0,33
1281.0,J1,1,1,1,34
1281.0,J2,0,2,2,34
1281.0,J3,0,2,2,34
1281.0,J4,0,1,1,34
1286.0,J1,0,0,0,32
1286.0,J2,0,1,1,32
1286.0,J3,3,1,1,32
1286.0,J4,0,0,0,32
1291.0,J1,0,2,2,33
1291.0,J2,1,2,2,33
1291.0,J3,3,2,2,33
1291.0,J4,0,0,0,33
1296.0,J1,3,1,1,31
1296.0,J2,1,2,2,31
1296.0,J3,0,1,1,31
1296.0,J4,1,3,3,31
1301.0,J1,3,1,1,34
1301.0,J2,2,3,3,34
1301.0,J3,0,4,4,34
1301.0,J4,1,1,1,34
1306.0,J1,2,1,1,34
1306.0,J2,2,1,1,34
1306.0,J3,1,6,6,34
1306.0,J4,0,1,1,34
1311.0,J1,2,3,3,38
1311.0,J2,0,2,2,38
1311.0,J3,1,1,1,38
1311.0,J4,0,1,1,38
1316.0,J1,1,2,2,33
1316.0,J2,0,1,1,33
1316.0,J3,0,1,1,33
1316.0,J4,1,1,2,33
1321.0,J1,1,3,3,34
1321.0,J2,1,4,4,34
1321.0,J3,0,3,3,34
1321.0,J4,1,1,1,34
1326.0,J1,3,2,2,34
1326.0,J2,1,1,1,34
1326.0,J3,3,1,1,34
1326.0,J4,0,0,0,34
1331.0,J1,3,1,1,31
1331.0,J2,2,2,2,31
1331.0,J3,3,0,0,31
1331.0,J4,0,0,0,31
1336.0,J1,0,1,1,34
1336.0,J2,2,0,0,34
1336.0,J3,1,2,2,34
1336.0,J4,0,0,0,34
1341.0,J1,0,2,2,33
1341.0,J2,1,2,3,33
1341.0,J3,1,2,2,33
1341.0,J4,3,1,1,33
1346.0,J1,1,1,1,33
1346.0,J2,1,1,1,33
1346.0,J3,0,2,2,33
1346.0,J4,3,3,3,33
1351.0,J1,1,2,2,33
1351.0,J2,0,3,3,33
1351.0,J3,0,1,1,33
1351.0,J4,1,3,3,33
1356.0,J1,3,1,1,32
1356.0,J2,0,2,2,32
1356.0,J3,0,0,0,32
1356.0,J4,1,0,0,32
1361.0,J1,3,1,1,35
1361.0,J2,2,3,3,35
1361.0,J3,1,1,1,35
1361.0,J4,0,3,3,35
1366.0,J1,2,2,2,34
1366.0,J2,2,0,1,34
1366.0,J3,1,1,1,34
1366.0,J4,0,1,1,34
1371.0,J1,2,2,2,36
1371.0,J2,1,2,3,36
1371.0,J3,0,0,0,36
1371.0,J4,1,1,1,36
1376.0,J1,1,1,1,30
1376.0,J2,1,0,1,30
1376.0,J3,0,0,0,30
1376.0,J4,1,0,0,30
1381.0,J1,1,3,3,31
1381.0,J2,0,2,3,31
1381.0,J3,1,2,2,31
1381.0,J4,0,1,1,31
1386.0,J1,0,1,1,32
1386.0,J2,0,2,2,32
1386.0,J3,1,0,0,32
1386.0,J4,0,0,0,32
1391.0,J1,0,2,2,32
1391.0,J2,2,4,4,32
1391.0,J3,0,0,0,32
1391.0,J4,1,1,1,32
1396.0,J1,2,3,3,33
1396.0,J2,2,1,1,33
1396.0,J3,0,1,1,33
1396.0,J4,1,0,0,33
1401.0,J1,2,2,2,34
1401.0,J2,1,3,3,34
1401.0,J3,1,4,4,34
1401.0,J4,0,1,1,34
1406.0,J1,1,2,2,31
1406.0,J2,1,0,0,31
1406.0,J3,1,1,1,31
1406.0,J4,0,0,0,31
1411.0,J1,1,2,2,32
1411.0,J2,3,3,3,32
1411.0,J3,3,1,2,32
1411.0,J4,0,0,0,32
1416.0,J1,2,2,2,31
1416.0,J2,3,2,2,31
1416.0,J3,3,0,0,31
1416.0,J4,0,0,0,31
1421.0,J1,2,2,2,33
1421.0,J2,0,4,4,33
1421.0,J3,1,1,1,33
1421.0,J4,1,1,1,33
1426.0,J1,0,3,3,34
1426.0,J2,0,1,1,34
1426.0,J3,1,1,1,34
1426.0,J4,1,0,0,34
1431.0,J1,0,2,2,38
1431.0,J2,1,3,3,38
1431.0,J3,3,1,1,38
1431.0,J4,0,0,0,38
1436.0,J1,3,2,2,31
1436.0,J2,1,1,1,31
1436.0,J3,3,0,0,31
1436.0,J4,0,0,0,31
1441.0,J1,3,4,4,33
1441.0,J2,0,3,3,33
1441.0,J3,0,2,2,33
1441.0,J4,0,1,1,33
1446.0,J1,1,3,3,32
1446.0,J2,0,1,1,32
1446.0,J3,0,0,0,32
1446.0,J4,0,0,0,32
1451.0,J1,1,2,4,33
1451.0,J2,3,3,3,33
1451.0,J3,0,0,0,33
1451.0,J4,0,0,0,33
1456.0,J1,2,5,5,35
1456.0,J2,3,0,0,35
1456.0,J3,0,1,1,35
1456.0,J4,1,3,3,35
1461.0,J1,2,2,2,34
1461.0,J2,1,3,3,34
1461.0,J3,1,1,1,34
1461.0,J4,1,0,0,34
1466.0,J1,3,1,1,36
1466.0,J2,1,1,1,36
1466.0,J3,1,0,0,36
1466.0,J4,0,1,1,36
1471.0,J1,3,2,2,38
1471.0,J2,0,3,3,38
1471.0,J3,0,3,3,38
1471.0,J4,0,0,0,38
1476.0,J1,2,3,3,35
1476.0,J2,0,0,0,35
1476.0,J3,0,0,0,35
1476.0,J4,0,0,0,35
1481.0,J1,2,4,4,37
1481.0,J2,1,1,2,37
1481.0,J3,3,2,2,37
1481.0,J4,1,2,2,37
1486.0,J1,1,4,4,33
1486.0,J2,1,1,1,33
1486.0,J3,3,1,1,33
1486.0,J4,1,0,0,33
1491.0,J1,1,2,2,35
1491.0,J2,0,2,2,35
1491.0,J3,0,1,1,35
1491.0,J4,0,0,0,35
1496.0,J1,3,2,2,32
1496.0,J2,0,0,0,32
1496.0,J3,0,0,0,32
1496.0,J4,0,0,0,32
1501.0,J1,3,2,2,34
1501.0,J2,1,2,2,34
1501.0,J3,1,2,2,34
1501.0,J4,3,1,1,34
1506.0,J1,0,0,0,32
1506.0,J2,1,1,1,32
1506.0,J3,1,0,0,32
1506.0,J4,3,2,2,32
1511.0,J1,0,2,2,32
1511.0,J2,2,3,3,32
1511.0,J3,0,1,1,32
1511.0,J4,1,2,2,32
1516.0,J1,1,2,2,31
1516.0,J2,2,1,1,31
1516.0,J3,0,1,1,31
1516.0,J4,1,0,0,31
1521.0,J1,1,2,2,34
1521.0,J2,1,3,3,34
1521.0,J3,0,1,1,34
1521.0,J4,0,1,1,34
1526.0,J1,3,1,1,32
1526.0,J2,1,1,1,32
1526.0,J3,0,0,0,32
1526.0,J4,0,0,0,32
1531.0,J1,3,1,1,32
1531.0,J2,0,2,3,32
1531.0,J3,0,1,1,32
1531.0,J4,1,1,1,32
1536.0,J1,0,1,1,31
1536.0,J2,0,1,1,31
1536.0,J3,1,1,1,31
1536.0,J4,1,0,0,31
1541.0,J1,0,2,2,33
1541.0,J2,1,2,2,33
1541.0,J3,1,0,0,33
1541.0,J4,0,1,1,33
1546.0,J1,1,2,2,32
1546.0,J2,1,2,2,32
1546.0,J3,0,2,2,32
1546.0,J4,0,0,0,32
1551.0,J1,1,2,2,31
1551.0,J2,2,4,4,31
1551.0,J3,0,0,0,31
1551.0,J4,0,0,0,31
1556.0,J1,3,2,2,28
1556.0,J2,2,0,0,28
1556.0,J3,0,0,0,28
1556.0,J4,3,1,1,28
1561.0,J1,3,2,2,32
1561.0,J2,1,3,3,32
1561.0,J3,0,2,2,32
1561.0,J4,3,1,1,32
1566.0,J1,1,0,0,31
1566.0,J2,1,1,1,31
1566.0,J3,1,0,0,31
1566.0,J4,1,2,2,31
1571.0,J1,1,1,1,32
1571.0,J2,0,2,2,32
1571.0,J3,1,0,0,32
1571.0,J4,1,1,1,32
1576.0,J1,0,1,1,34
1576.0,J2,0,1,1,34
1576.0,J3,1,1,1,34
1576.0,J4,0,1,1,34
1581.0,J1,0,2,2,33
1581.0,J2,1,2,2,33
1581.0,J3,0,2,2,33
1581.0,J4,0,0,1,33
1586.0,J1,1,1,1,31
1586.0,J2,1,2,2,31
1586.0,J3,0,0,0,31
1586.0,J4,1,2,2,31
1591.0,J1,1,3,3,32
1591.0,J2,2,3,3,32
1591.0,J3,1,2,2,32
1591.0,J4,1,0,0,32
1596.0,J1,3,2,2,30
1596.0,J2,2,1,1,30
1596.0,J3,1,0,0,30
1596.0,J4,0,2,2,30
1601.0,J1,3,1,1,33
1601.0,J2,0,2,2,33
1601.0,J3,0,1,1,33
1601.0,J4,0,3,3,33
1606.0,J1,0,1,1,31
1606.0,J2,0,0,0,31
1606.0,J3,0,2,2,31
1606.0,J4,1,2,2,31
1611.0,J1,0,2,2,32
1611.0,J2,1,3,3,32
1611.0,J3,1,2,2,32
1611.0,J4,1,1,1,32
1616.0,J1,1,1,1,31
1616.0,J2,1,1,1,31
1616.0,J3,1,0,0,31
1616.0,J4,3,0,1,31
1621.0,J1,1,3,3,32
1621.0,J2,2,3,3,32
1621.0,J3,0,1,1,32
1621.0,J4,3,1,1,32
1626.0,J1,3,2,2,32
1626.0,J2,2,1,1,32
1626.0,J3,0,0,0,32
1626.0,J4,0,1,1,32
1631.0,J1,3,1,1,32
1631.0,J2,0,2,2,32
1631.0,J3,0,0,0,32
1631.0,J4,0,1,1,32
1636.0,J1,0,1,1,33
1636.0,J2,0,0,0,33
1636.0,J3,1,2,2,33
1636.0,J4,1,2,3,33
1641.0,J1,0,2,2,35
1641.0,J2,1,4,4,35
1641.0,J3,1,1,1,35
1641.0,J4,1,1,1,35
1646.0,J1,1,1,1,33
1646.0,J2,1,1,1,33
1646.0,J3,3,1,1,33
1646.0,J4,0,0,0,33
1651.0,J1,1,2,2,32
1651.0,J2,2,2,2,32
1651.0,J3,3,1,1,32
1651.0,J4,0,0,0,32
1656.0,J1,2,2,2,30
1656.0,J2,2,0,1,30
1656.0,J3,0,0,0,30
1656.0,J4,0,0,0,30
1661.0,J1,2,3,3,33
1661.0,J2,0,1,2,33
1661.0,J3,0,1,1,33
1661.0,J4,1,1,1,33
1666.0,J1,3,3,3,32
1666.0,J2,0,1,1,32
1666.0,J3,1,3,3,32
1666.0,J4,1,0,0,32
1671.0,J1,3,3,3,35
1671.0,J2,1,3,3,35
1671.0,J3,1,1,1,35
1671.0,J4,0,1,1,35
1676.0,J1,0,2,2,31
1676.0,J2,1,0,0,31
1676.0,J3,3,0,1,31
1676.0,J4,0,0,0,31
1681.0,J1,0,4,4,33
1681.0,J2,0,2,2,33
1681.0,J3,3,2,2,33
1681.0,J4,0,1,1,33
1686.0,J1,1,3,3,31
1686.0,J2,0,1,1,31
1686.0,J3,0,0,0,31
1686.0,J4,0,0,0,31
1691.0,J1,1,4,4,31
1691.0,J2,1,2,2,31
1691.0,J3,0,0,0,31
1691.0,J4,0,0,0,31
1696.0,J1,2,4,5,34
1696.0,J2,1,1,1,34
1696.0,J3,0,1,1,34
1696.0,J4,1,2,2,34
1701.0,J1,2,2,2,33
1701.0,J2,3,2,2,33
1701.0,J3,1,1,1,33
1701.0,J4,1,0,0,33
1706.0,J1,0,1,1,33
1706.0,J2,3,0,0,33
1706.0,J3,1,0,0,33
1706.0,J4,0,1,1,33
1711.0,J1,0,3,3,35
1711.0,J2,1,1,2,35
1711.0,J3,3,1,2,35
1711.0,J4,0,1,1,35
1716.0,J1,2,3,3,32
1716.0,J2,1,2,2,32
1716.0,J3,3,1,1,32
1716.0,J4,1,2,2,32
1721.0,J1,2,4,4,36
1721.0,J2,0,4,4,36
1721.0,J3,1,1,2,36
1721.0,J4,1,1,1,36
1726.0,J1,1,4,4,36
1726.0,J2,0,0,0,36
1726.0,J3,1,1,1,36
1726.0,J4,0,0,0,36
1731.0,J1,1,4,4,38
1731.0,J2,3,2,2,38
1731.0,J3,0,0,0,38
1731.0,J4,0,1,1,38
1736.0,J1,3,4,4,33
1736.0,J2,3,1,1,33
1736.0,J3,0,0,0,33
1736.0,J4,1,1,1,33
1741.0,J1,3,5,5,34
1741.0,J2,0,4,4,34
1741.0,J3,1,2,2,34
1741.0,J4,1,0,0,34
1746.0,J1,2,4,4,35
1746.0,J2,0,2,2,35
1746.0,J3,1,0,0,35
1746.0,J4,0,0,0,35
1751.0,J1,2,3,3,35
1751.0,J2,1,4,4,35
1751.0,J3,0,1,1,35
1751.0,J4,0,0,0,35
1756.0,J1,1,3,3,35
1756.0,J2,1,1,1,35
1756.0,J3,0,2,2,35
1756.0,J4,0,0,0,35
1761.0,J1,1,3,3,36
1761.0,J2,0,2,2,36
1761.0,J3,3,2,2,36
1761.0,J4,0,1,1,36
1766.0,J1,3,2,2,37
1766.0,J2,0,1,1,37
1766.0,J3,3,0,0,37
1766.0,J4,0,0,0,37
1771.0,J1,3,2,2,39
1771.0,J2,1,4,4,39
1771.0,J3,0,3,3,39
1771.0,J4,0,0,0,39
1776.0,J1,2,1,1,38
1776.0,J2,1,0,0,38
1776.0,J3,0,1,1,38
1776.0,J4,1,2,2,38
1781.0,J1,2,1,1,38
1781.0,J2,0,1,1,38
1781.0,J3,1,4,4,38
1781.0,J4,1,1,1,38
1786.0,J1,1,2,2,36
1786.0,J2,0,2,2,36
1786.0,J3,1,1,1,36
1786.0,J4,0,1,1,36
1791.0,J1,1,2,2,38
1791.0,J2,2,3,3,38
1791.0,J3,0,1,1,38
1791.0,J4,0,0,0,38
1796.0,J1,3,2,2,34
1796.0,J2,2,0,0,34
1796.0,J3,0,0,0,34
1796.0,J4,1,2,3,34
1801.0,J1,3,2,2,38
1801.0,J2,1,4,4,38
1801.0,J3,0,2,2,38
1801.0,J4,1,2,2,38
1806.0,J1,2,0,0,35
1806.0,J2,1,1,1,35
1806.0,J3,1,1,1,35
1806.0,J4,0,2,2,35
1811.0,J1,2,2,2,33
1811.0,J2,0,2,2,33
1811.0,J3,1,0,0,33
1811.0,J4,0,0,1,33
1816.0,J1,1,2,2,35
1816.0,J2,0,1,1,35
1816.0,J3,0,1,1,35
1816.0,J4,3,0,1,35
1821.0,J1,1,2,2,32
1821.0,J2,1,2,3,32
1821.0,J3,0,0,0,32
1821.0,J4,3,0,1,32
1826.0,J1,3,1,1,31
1826.0,J2,1,2,2,31
1826.0,J3,0,0,0,31
1826.0,J4,1,3,3,31
1831.0,J1,3,1,1,34
1831.0,J2,2,4,4,34
1831.0,J3,1,1,1,34
1831.0,J4,1,2,2,34
1836.0,J1,1,0,0,33
1836.0,J2,2,1,1,33
1836.0,J3,1,0,0,33
1836.0,J4,0,3,3,33
1841.0,J1,1,1,1,37
1841.0,J2,0,2,2,37
1841.0,J3,0,1,1,37
1841.0,J4,0,2,2,37
1846.0,J1,3,2,2,34
1846.0,J2,0,1,1,34
1846.0,J3,0,1,1,34
1846.0,J4,1,2,2,34
1851.0,J1,3,3,3,33
1851.0,J2,1,3,3,33
1851.0,J3,0,0,0,33
1851.0,J4,1,0,0,33
1856.0,J1,0,2,2,30
1856.0,J2,1,1,1,30
1856.0,J3,1,2,2,30
1856.0,J4,0,0,0,30
1861.0,J1,0,3,3,32
1861.0,J2,2,3,3,32
1861.0,J3,1,1,1,32
1861.0,J4,0,0,0,32
1866.0,J1,1,1,1,33
1866.0,J2,2,1,1,33
1866.0,J3,0,2,2,33
1866.0,J4,3,1,1,33
1871.0,J1,1,2,2,29
1871.0,J2,0,2,2,29
1871.0,J3,0,0,0,29
1871.0,J4,3,1,1,29
1876.0,J1,3,2,2,30
1876.0,J2,0,0,0,30
1876.0,J3,0,1,1,30
1876.0,J4,1,3,3,30
1881.0,J1,3,1,1,33
1881.0,J2,1,4,4,33
1881.0,J3,1,1,1,33
1881.0,J4,1,3,3,33
1886.0,J1,1,1,1,33
1886.0,J2,1,1,1,33
1886.0,J3,1,0,0,33
1886.0,J4,0,2,2,33
1891.0,J1,1,1,1,33
1891.0,J2,2,2,2,33
1891.0,J3,0,3,3,33
1891.0,J4,0,0,0,33
1896.0,J1,0,0,1,30
1896.0,J2,2,1,1,30
1896.0,J3,0,0,0,30
1896.0,J4,0,0,0,30
1901.0,J1,0,1,1,31
1901.0,J2,1,2,3,31
1901.0,J3,1,1,1,31
1901.0,J4,1,0,1,31
1906.0,J1,1,2,2,32
1906.0,J2,1,2,2,32
1906.0,J3,1,1,1,32
1906.0,J4,1,1,1,32
1911.0,J1,1,2,2,34
1911.0,J2,0,3,3,34
1911.0,J3,3,1,1,34
1911.0,J4,0,1,1,34
1916.0,J1,3,2,2,28
1916.0,J2,0,0,0,28
1916.0,J3,3,0,0,28
1916.0,J4,0,0,0,28
1921.0,J1,3,4,4,32
1921.0,J2,1,2,2,32
1921.0,J3,0,2,2,32
1921.0,J4,0,1,1,32
1926.0,J1,2,3,3,30
1926.0,J2,1,1,1,30
1926.0,J3,0,0,0,30
1926.0,J4,1,2,2,30
1931.0,J1,2,1,3,30
1931.0,J2,2,2,2,30
1931.0,J3,1,1,2,30
1931.0,J4,1,0,0,30
1936.0,J1,1,3,3,32
1936.0,J2,2,1,1,32
1936.0,J3,1,1,1,32
1936.0,J4,0,1,1,32
1941.0,J1,1,2,2,33
1941.0,J2,0,2,2,33
1941.0,J3,0,0,0,33
1941.0,J4,0,0,0,33
1946.0,J1,0,1,1,31
1946.0,J2,0,0,1,31
1946.0,J3,0,0,0,31
1946.0,J4,1,1,1,31
1951.0,J1,0,3,3,32
1951.0,J2,1,3,3,32
1951.0,J3,0,1,1,32
1951.0,J4,1,0,0,32
1956.0,J1,2,3,3,29
1956.0,J2,1,0,0,29
1956.0,J3,2,0,0,29
1956.0,J4,0,2,2,29
1961.0,J1,2,1,1,32
1961.0,J2,0,1,1,32
1961.0,J3,2,3,4,32
1961.0,J4,0,1,1,32
1966.0,J1,3,2,2,33
1966.0,J2,0,1,1,33
1966.0,J3,1,3,4,33
1966.0,J4,0,0,0,33
1971.0,J1,3,4,4,35
1971.0,J2,3,3,3,35
1971.0,J3,1,0,1,35
1971.0,J4,0,0,0,35
1976.0,J1,1,3,3,34
1976.0,J2,3,1,1,34
1976.0,J3,0,0,0,34
1976.0,J4,1,2,2,34
1981.0,J1,1,5,5,35
1981.0,J2,0,3,3,35
1981.0,J3,0,1,1,35
1981.0,J4,1,0,0,35
1986.0,J1,2,4,4,36
1986.0,J2,0,2,2,36
1986.0,J3,0,0,0,36
1986.0,J4,0,0,0,36
1991.0,J1,2,3,3,34
1991.0,J2,1,4,4,34
1991.0,J3,3,2,2,34
1991.0,J4,0,0,0,34
1996.0,J1,0,2,3,33
1996.0,J2,1,1,1,33
1996.0,J3,3,1,1,33
1996.0,J4,0,0,0,33
2001.0,J1,0,2,2,35
2001.0,J2,0,2,2,35
2001.0,J3,1,4,4,35
2001.0,J4,0,1,1,35
2006.0,J1,2,2,2,36
2006.0,J2,0,1,1,36
2006.0,J3,1,0,0,36
2006.0,J4,0,0,0,36
2011.0,J1,2,3,3,39
2011.0,J2,1,1,2,39
2011.0,J3,0,2,2,39
2011.0,J4,1,1,1,39
2016.0,J1,1,2,2,36
2016.0,J2,1,1,1,36
2016.0,J3,0,0,0,36
2016.0,J4,1,0,0,36
2021.0,J1,1,4,4,35
2021.0,J2,3,3,3,35
2021.0,J3,1,1,1,35
2021.0,J4,3,1,1,35
2026.0,J1,3,4,4,33
2026.0,J2,3,1,1,33
2026.0,J3,1,1,1,33
2026.0,J4,3,0,0,33
2031.0,J1,3,1,1,35
2031.0,J2,0,5,5,35
2031.0,J3,0,1,1,35
2031.0,J4,1,1,1,35
2036.0,J1,1,0,1,34
2036.0,J2,0,1,1,34
2036.0,J3,0,1,1,34
2036.0,J4,1,0,0,34
2041.0,J1,1,2,2,39
2041.0,J2,1,3,3,39
2041.0,J3,1,5,5,39
2041.0,J4,0,1,1,39
2046.0,J1,3,1,1,37
2046.0,J2,1,1,1,37
2046.0,J3,1,0,0,37
2046.0,J4,0,0,0,37
2051.0,J1,3,1,1,35
2051.0,J2,2,3,3,35
2051.0,J3,0,1,1,35
2051.0,J4,0,0,0,35
2056.0,J1,1,1,1,36
2056.0,J2,2,1,2,36
2056.0,J3,0,1,1,36
2056.0,J4,0,0,0,36
2061.0,J1,1,1,1,36
2061.0,J2,1,3,3,36
2061.0,J3,1,4,4,36
2061.0,J4,3,1,1,36
2066.0,J1,1,0,0,36
2066.0,J2,1,1,2,36
2066.0,J3,1,0,0,36
2066.0,J4,3,2,2,36
2071.0,J1,3,2,2,37
2071.0,J2,0,3,4,37
2071.0,J3,0,1,3,37
2071.0,J4,1,3,3,37
2076.0,J1,3,1,1,35
2076.0,J2,0,1,1,35
2076.0,J3,0,1,1,35
2076.0,J4,1,2,2,35
2081.0,J1,0,2,2,39
2081.0,J2,1,2,2,39
2081.0,J3,1,2,3,39
2081.0,J4,0,5,5,39
2086.0,J1,0,3,3,37
2086.0,J2,1,3,3,37
2086.0,J3,1,1,1,37
2086.0,J4,0,1,1,37
2091.0,J1,1,4,4,39
2091.0,J2,2,4,4,39
2091.0,J3,0,1,1,39
2091.0,J4,1,1,1,39
2096.0,J1,1,1,1,33
2096.0,J2,2,1,1,33
2096.0,J3,0,0,0,33
2096.0,J4,1,0,0,33
2101.0,J1,3,3,3,34
2101.0,J2,0,2,2,34
2101.0,J3,1,2,2,34
2101.0,J4,3,1,1,34
2106.0,J1,3,0,0,31
2106.0,J2,0,1,1,31
2106.0,J3,1,0,0,31
2106.0,J4,3,1,1,31
2111.0,J1,1,2,2,30
2111.0,J2,1,4,4,30
2111.0,J3,1,0,0,30
2111.0,J4,0,2,2,30
2116.0,J1,1,1,1,32
2116.0,J2,1,1,1,32
2116.0,J3,0,2,2,32
2116.0,J4,0,0,0,32
2121.0,J1,3,2,2,33
2121.0,J2,2,2,2,33
2121.0,J3,0,1,1,33
2121.0,J4,0,1,1,33
2126.0,J1,3,0,0,30
2126.0,J2,2,1,1,30
2126.0,J3,0,0,0,30
2126.0,J4,0,0,0,30
2131.0,J1,1,1,2,31
2131.0,J2,1,2,2,31
2131.0,J3,1,2,2,31
2131.0,J4,0,0,0,31
2136.0,J1,1,0,1,30
2136.0,J2,1,0,1,30
2136.0,J3,1,0,0,30
2136.0,J4,1,2,2,30
2141.0,J1,0,1,2,33
2141.0,J2,0,1,2,33
2141.0,J3,0,0,0,33
2141.0,J4,1,1,1,33
2146.0,J1,0,2,2,32
2146.0,J2,0,1,1,32
2146.0,J3,0,1,1,32
2146.0,J4,3,0,1,32
2151.0,J1,1,2,3,33
2151.0,J2,2,3,3,33
2151.0,J3,1,0,1,33
2151.0,J4,3,1,1,33
2156.0,J1,1,2,2,29
2156.0,J2,2,0,0,29
2156.0,J3,1,0,0,29
2156.0,J4,0,2,2,29
2161.0,J1,3,4,4,35
2161.0,J2,1,2,4,35
2161.0,J3,0,2,2,35
2161.0,J4,0,2,3,35
2166.0,J1,3,0,0,33
2166.0,J2,1,1,1,33
2166.0,J3,0,0,0,33
2166.0,J4,1,2,2,33
2171.0,J1,1,1,2,31
2171.0,J2,0,2,2,31
2171.0,J3,1,1,1,31
2171.0,J4,1,0,0,31
2176.0,J1,1,1,1,33
2176.0,J2,0,1,1,33
2176.0,J3,1,1,1,33
2176.0,J4,0,0,0,33
2181.0,J1,0,2,2,33
2181.0,J2,2,3,3,33
2181.0,J3,0,0,0,33
2181.0,J4,0,0,1,33
2186.0,J1,0,1,1,31
2186.0,J2,2,0,0,31
2186.0,J3,0,0,0,31
2186.0,J4,1,2,3,31
2191.0,J1,3,3,3,34
2191.0,J2,1,4,4,34
2191.0,J3,1,2,2,34
2191.0,J4,1,1,1,34
2196.0,J1,3,2,2,32
2196.0,J2,1,1,1,32
2196.0,J3,1,0,0,32
2196.0,J4,0,2,2,32
2201.0,J1,1,4,4,36
2201.0,J2,0,2,2,36
2201.0,J3,0,1,1,36
2201.0,J4,0,1,1,36
2206.0,J1,1,5,5,33
2206.0,J2,0,1,1,33
2206.0,J3,0,1,1,33
2206.0,J4,0,0,0,33
2211.0,J1,2,5,5,35
2211.0,J2,2,2,2,35
2211.0,J3,0,0,0,35
2211.0,J4,1,1,1,35
2216.0,J1,2,1,1,31
2216.0,J2,2,1,1,31
2216.0,J3,3,1,1,31
2216.0,J4,1,1,1,31
2221.0,J1,3,3,3,35
2221.0,J2,1,3,3,35
2221.0,J3,3,3,3,35
2221.0,J4,0,2,2,35
2226.0,J1,3,1,1,35
2226.0,J2,1,1,1,35
2226.0,J3,1,4,4,35
2226.0,J4,0,0,0,35
2231.0,J1,2,4,4,35
2231.0,J2,0,3,3,35
2231.0,J3,1,0,0,35
2231.0,J4,0,0,0,35
2236.0,J1,2,3,3,37
2236.0,J2,0,0,0,37
2236.0,J3,0,1,1,37
2236.0,J4,0,0,0,37
2241.0,J1,1,4,4,37
2241.0,J2,1,1,2,37
2241.0,J3,0,1,1,37
2241.0,J4,1,2,2,37
2246.0,J1,1,2,2,34
2246.0,J2,1,0,0,34
2246.0,J3,3,0,1,34
2246.0,J4,1,0,0,34
2251.0,J1,0,3,4,36
2251.0,J2,0,2,2,36
2251.0,J3,3,1,1,36
2251.0,J4,0,0,0,36
2256.0,J1,0,3,3,33
2256.0,J2,0,1,1,33
2256.0,J3,0,0,0,33
2256.0,J4,0,0,0,33
2261.0,J1,2,4,4,35
2261.0,J2,1,2,2,35
2261.0,J3,0,1,1,35
2261.0,J4,0,0,0,35
2266.0,J1,2,1,1,33
2266.0,J2,1,1,1,33
2266.0,J3,1,5,5,33
2266.0,J4,1,2,2,33
2271.0,J1,1,4,4,36
2271.0,J2,0,2,2,36
2271.0,J3,1,0,0,36
2271.0,J4,1,0,0,36
2276.0,J1,1,1,1,35
2276.0,J2,0,3,3,35
2276.0,J3,3,0,1,35
2276.0,J4,0,0,0,35
2281.0,J1,0,3,3,37
2281.0,J2,3,5,5,37
2281.0,J3,3,2,2,37
2281.0,J4,0,2,2,37
2286.0,J1,0,4,4,37
2286.0,J2,3,0,0,37
2286.0,J3,0,2,2,37
2286.0,J4,1,2,2,37
2291.0,J1,2,5,5,37
2291.0,J2,0,3,3,37
2291.0,J3,0,1,1,37
2291.0,J4,1,0,0,37
2296.0,J1,2,2,2,39
2296.0,J2,0,2,2,39
2296.0,J3,1,4,4,39
2296.0,J4,0,0,0,39
2301.0,J1,1,4,4,38
2301.0,J2,1,4,4,38
2301.0,J3,1,0,0,38
2301.0,J4,0,1,1,38
2306.0,J1,1,2,2,37
2306.0,J2,1,1,1,37
2306.0,J3,0,1,1,37
2306.0,J4,3,1,1,37
2311.0,J1,3,4,4,36
2311.0,J2,3,2,2,36
2311.0,J3,0,1,1,36
2311.0,J4,3,0,0,36
2316.0,J1,3,0,0,34
2316.0,J2,3,2,2,34
2316.0,J3,0,0,0,34
2316.0,J4,0,0,0,34
2321.0,J1,1,3,3,38
2321.0,J2,0,4,4,38
2321.0,J3,0,1,1,38
2321.0,J4,0,1,2,38
2326.0,J1,1,1,1,39
2326.0,J2,0,2,2,39
2326.0,J3,1,4,4,39
2326.0,J4,1,2,3,39
2331.0,J1,3,2,2,43
2331.0,J2,1,4,4,43
2331.0,J3,1,0,0,43
2331.0,J4,1,0,0,43
2336.0,J1,3,0,0,40
2336.0,J2,1,2,2,40
2336.0,J3,0,1,1,40
2336.0,J4,0,0,0,40
2341.0,J1,0,3,3,39
2341.0,J2,2,4,4,39
2341.0,J3,0,2,2,39
2341.0,J4,0,0,0,39
2346.0,J1,0,1,1,36
2346.0,J2,2,1,1,36
2346.0,J3,1,3,3,36
2346.0,J4,3,1,1,36
2351.0,J1,1,4,4,36
2351.0,J2,0,2,2,36
2351.0,J3,1,0,0,36
2351.0,J4,3,0,0,36
2356.0,J1,1,2,2,35
2356.0,J2,0,0,2,35
2356.0,J3,1,1,1,35
2356.0,J4,1,1,2,35
2361.0,J1,3,3,3,36
2361.0,J2,1,4,4,36
2361.0,J3,0,2,3,36
2361.0,J4,1,2,2,36
2366.0,J1,3,0,0,34
2366.0,J2,1,0,0,34
2366.0,J3,0,0,0,34
2366.0,J4,0,3,3,34
2371.0,J1,1,1,2,34
2371.0,J2,0,1,1,34
2371.0,J3,1,2,2,34
2371.0,J4,0,0,0,34
2376.0,J1,1,1,1,33
2376.0,J2,0,2,2,33
2376.0,J3,1,0,0,33
2376.0,J4,0,0,0,33
2381.0,J1,0,2,2,34
2381.0,J2,2,3,3,34
2381.0,J3,0,0,0,34
2381.0,J4,1,1,1,34
2386.0,J1,0,2,2,33
2386.0,J2,2,1,1,33
2386.0,J3,0,1,1,33
2386.0,J4,1,1,1,33
2391.0,J1,1,2,3,35
2391.0,J2,1,3,3,35
2391.0,J3,1,0,1,35
2391.0,J4,3,1,1,35
2396.0,J1,1,2,2,31
2396.0,J2,1,1,1,31
2396.0,J3,1,0,0,31
2396.0,J4,3,2,2,31
2401.0,J1,3,4,4,31
2401.0,J2,0,2,2,31
2401.0,J3,1,1,1,31
2401.0,J4,0,3,3,31
2406.0,J1,3,0,0,29
2406.0,J2,0,1,1,29
2406.0,J3,0,2,2,29
2406.0,J4,0,0,0,29
2411.0,J1,1,0,1,27
2411.0,J2,2,1,1,27
2411.0,J3,0,1,1,27
2411.0,J4,1,1,1,27
2416.0,J1,1,0,0,23
2416.0,J2,2,2,2,23
2416.0,J3,1,1,1,23
2416.0,J4,1,0,0,23
2421.0,J1,0,3,3,23
2421.0,J2,1,2,2,23
2421.0,J3,1,0,0,23
2421.0,J4,0,0,0,23
2426.0,J1,0,1,1,19
2426.0,J2,1,0,0,19
2426.0,J3,0,1,1,19
2426.0,J4,0,0,0,19
2431.0,J1,3,2,2,17
2431.0,J2,0,0,0,17
2431.0,J3,0,0,0,17
2431.0,J4,0,0,0,17
2436.0,J1,3,0,0,15
2436.0,J2,0,0,0,15
2436.0,J3,1,1,1,15
2436.0,J4,0,0,0,15
2441.0,J1,1,3,3,15
2441.0,J2,1,0,1,15
2441.0,J3,1,0,0,15
2441.0,J4,1,0,1,15
2446.0,J1,1,0,0,13
2446.0,J2,1,1,1,13
2446.0,J3,0,1,1,13
2446.0,J4,1,0,0,13
2451.0,J1,0,0,0,12
2451.0,J2,2,1,1,12
2451.0,J3,0,1,1,12
2451.0,J4,0,0,0,12
2456.0,J1,0,0,0,9
2456.0,J2,2,0,0,9
2456.0,J3,0,0,0,9
2456.0,J4,0,0,0,9
2461.0,J1,3,3,3,11
2461.0,J2,0,1,1,11
2461.0,J3,1,1,1,11
2461.0,J4,0,0,0,11
2466.0,J1,3,1,1,11
2466.0,J2,0,0,0,11
2466.0,J3,1,0,0,11
2466.0,J4,0,0,0,11
2471.0,J1,1,1,1,10
2471.0,J2,0,0,0,10
2471.0,J3,0,0,0,10
2471.0,J4,0,0,0,10
2476.0,J1,1,0,0,8
2476.0,J2,0,0,0,8
2476.0,J3,0,1,1,8
2476.0,J4,0,0,0,8
2481.0,J1,0,3,3,10
2481.0,J2,1,1,1,10
2481.0,J3,0,0,0,10
2481.0,J4,0,0,0,10
2486.0,J1,0,1,1,10
2486.0,J2,1,0,0,10
2486.0,J3,0,0,0,10
2486.0,J4,0,0,0,10
2491.0,J1,2,2,2,11
2491.0,J2,0,0,0,11
2491.0,J3,1,1,1,11
2491.0,J4,0,0,0,11
2496.0,J1,2,0,0,10
2496.0,J2,0,0,0,10
2496.0,J3,1,0,0,10
2496.0,J4,0,0,0,10
2501.0,J1,0,3,3,13
2501.0,J2,3,1,1,13
2501.0,J3,0,1,1,13
2501.0,J4,0,0,0,13
2506.0,J1,0,1,1,9
2506.0,J2,3,0,0,9
2506.0,J3,0,0,0,9
2506.0,J4,0,0,0,9
2511.0,J1,1,1,1,9
2511.0,J2,0,0,0,9
2511.0,J3,0,0,0,9
2511.0,J4,0,0,0,9
2516.0,J1,1,0,0,8
2516.0,J2,0,0,0,8
2516.0,J3,0,0,0,8
2516.0,J4,0,0,0,8
2521.0,J1,0,3,3,10
2521.0,J2,0,0,0,10
2521.0,J3,0,0,0,10
2521.0,J4,0,0,0,10
2526.0,J1,0,0,0,11
2526.0,J2,3,1,1,11
2526.0,J3,0,1,1,11
2526.0,J4,0,0,0,11
2531.0,J1,0,0,0,9
2531.0,J2,3,0,0,9
2531.0,J3,1,1,1,9
2531.0,J4,0,0,0,9
2536.0,J1,2,1,1,9
2536.0,J2,0,0,0,9
2536.0,J3,1,0,0,9
2536.0,J4,0,0,0,9
2541.0,J1,2,3,3,11
2541.0,J2,0,0,0,11
2541.0,J3,0,0,0,11
2541.0,J4,0,0,0,11
2546.0,J1,1,1,1,9
2546.0,J2,0,0,0,9
2546.0,J3,0,0,0,9
2546.0,J4,0,0,0,9
2551.0,J1,1,1,1,11
2551.0,J2,3,1,1,11
2551.0,J3,0,1,1,11
2551.0,J4,0,0,0,11
2556.0,J1,2,1,1,10
2556.0,J2,3,0,0,10
2556.0,J3,0,0,0,10
2556.0,J4,0,0,0,10
2561.0,J1,2,3,3,11
2561.0,J2,0,0,0,11
2561.0,J3,0,0,0,11
2561.0,J4,0,0,0,11
2566.0,J1,0,1,1,9
2566.0,J2,0,0,0,9
2566.0,J3,1,1,1,9
2566.0,J4,0,0,0,9
2571.0,J1,0,0,0,9
2571.0,J2,0,0,0,9
2571.0,J3,1,0,0,9
2571.0,J4,0,0,0,9
2576.0,J1,0,0,0,9
2576.0,J2,0,0,0,9
2576.0,J3,0,1,1,9
2576.0,J4,0,0,0,9
2581.0,J1,1,3,3,8
2581.0,J2,0,0,0,8
2581.0,J3,0,0,0,8
2581.0,J4,0,0,0,8
2586.0,J1,1,0,1,9
2586.0,J2,3,1,1,9
2586.0,J3,0,0,0,9
2586.0,J4,0,0,0,9
2591.0,J1,2,1,1,8
2591.0,J2,3,0,0,8
2591.0,J3,0,0,0,8
2591.0,J4,0,0,0,8
2596.0,J1,2,1,1,8
2596.0,J2,0,0,0,8
2596.0,J3,0,0,0,8
2596.0,J4,0,0,0,8
2601.0,J1,3,3,3,11
2601.0,J2,0,0,0,11
2601.0,J3,1,2,2,11
2601.0,J4,0,0,0,11
2606.0,J1,3,1,1,11
2606.0,J2,0,0,0,11
2606.0,J3,1,0,0,11
2606.0,J4,0,0,0,11
2611.0,J1,1,2,2,12
2611.0,J2,0,0,0,12
2611.0,J3,0,0,0,12
2611.0,J4,0,0,0,12
2616.0,J1,1,0,0,8
2616.0,J2,0,0,0,8
2616.0,J3,0,0,0,8
2616.0,J4,0,0,0,8
2621.0,J1,3,3,3,9
2621.0,J2,1,1,1,9
2621.0,J3,0,0,0,9
2621.0,J4,0,0,0,9
2626.0,J1,3,0,0,10
2626.0,J2,1,0,0,10
2626.0,J3,0,1,1,10
2626.0,J4,0,0,0,10
2631.0,J1,0,0,0,10
2631.0,J2,0,0,0,10
2631.0,J3,0,0,0,10
2631.0,J4,0,0,0,10
2636.0,J1,0,0,0,9
2636.0,J2,0,0,0,9
2636.0,J3,1,2,2,9
2636.0,J4,0,0,0,9
2641.0,J1,1,3,3,10
2641.0,J2,0,0,0,10
2641.0,J3,1,0,0,10
2641.0,J4,0,0,0,10
2646.0,J1,1,1,1,11
2646.0,J2,1,1,1,11
2646.0,J3,0,1,1,11
2646.0,J4,0,0,0,11
2651.0,J1,3,1,1,10
2651.0,J2,1,0,0,10
2651.0,J3,0,1,1,10
2651.0,J4,0,0,0,10
2656.0,J1,3,0,0,9
2656.0,J2,0,0,0,9
2656.0,J3,0,0,0,9
2656.0,J4,0,0,0,9
2661.0,J1,1,2,3,9
2661.0,J2,0,0,0,9
2661.0,J3,1,1,1,9
2661.0,J4,0,0,0,9
2666.0,J1,1,0,0,9
2666.0,J2,0,0,0,9
2666.0,J3,1,0,0,9
2666.0,J4,0,0,0,9
2671.0,J1,0,1,1,10
2671.0,J2,0,0,0,10
2671.0,J3,0,1,1,10
2671.0,J4,0,0,0,10
2676.0,J1,0,0,0,10
2676.0,J2,0,0,0,10
2676.0,J3,0,1,1,10
2676.0,J4,0,0,0,10
2681.0,J1,3,3,3,11
2681.0,J2,1,1,1,11
2681.0,J3,1,1,1,11
2681.0,J4,0,0,0,11
2686.0,J1,3,1,1,11
2686.0,J2,1,0,0,11
2686.0,J3,1,0,0,11
2686.0,J4,0,0,0,11
2691.0,J1,1,1,1,10
2691.0,J2,0,0,0,10
2691.0,J3,0,0,0,10
2691.0,J4,0,0,0,10
2696.0,J1,1,0,0,7
2696.0,J2,0,0,0,7
2696.0,J3,0,0,0,7
2696.0,J4,0,0,0,7
2701.0,J1,0,3,3,10
2701.0,J2,1,1,1,10
2701.0,J3,0,1,1,10
2701.0,J4,0,0,0,10
2706.0,J1,0,0,0,10
2706.0,J2,1,0,0,10
2706.0,J3,0,0,0,10
2706.0,J4,0,0,0,10
2711.0,J1,0,0,0,10
2711.0,J2,0,0,0,10
2711.0,J3,1,1,1,10
2711.0,J4,0,0,0,10
2716.0,J1,0,0,0,9
2716.0,J2,0,0,0,9
2716.0,J3,1,0,0,9
2716.0,J4,0,0,0,9
2721.0,J1,1,3,3,10
2721.0,J2,1,1,1,10
2721.0,J3,0,1,1,10
2721.0,J4,0,0,0,10
2726.0,J1,1,0,0,9
2726.0,J2,1,1,1,9
2726.0,J3,0,1,1,9
2726.0,J4,0,0,0,9
2731.0,J1,1,1,1,10
2731.0,J2,3,2,2,10
2731.0,J3,0,0,0,10
2731.0,J4,0,0,0,10
2736.0,J1,1,0,0,9
2736.0,J2,3,1,1,9
2736.0,J3,0,0,0,9
2736.0,J4,0,0,0,9
2741.0,J1,0,2,3,11
2741.0,J2,0,1,1,11
2741.0,J3,1,1,1,11
2741.0,J4,0,0,0,11
2746.0,J1,0,0,0,11
2746.0,J2,0,0,0,11
2746.0,J3,1,0,0,11
2746.0,J4,0,0,0,11
2751.0,J1,0,0,0,12
2751.0,J2,1,1,1,12
2751.0,J3,0,1,1,12
2751.0,J4,0,0,0,12
2756.0,J1,2,1,1,9
2756.0,J2,1,0,0,9
2756.0,J3,0,0,0,9
2756.0,J4,0,0,0,9
2761.0,J1,2,3,3,9
2761.0,J2,0,1,1,9
2761.0,J3,0,0,0,9
2761.0,J4,0,0,0,9
2766.0,J1,1,1,1,9
2766.0,J2,0,1,1,9
2766.0,J3,0,0,0,9
2766.0,J4,0,0,0,9
2771.0,J1,1,0,0,9
2771.0,J2,3,2,2,9
2771.0,J3,0,0,0,9
2771.0,J4,0,0,0,9
2776.0,J1,0,0,0,9
2776.0,J2,3,0,0,9
2776.0,J3,0,1,1,9
2776.0,J4,0,0,0,9
2781.0,J1,0,3,3,10
2781.0,J2,0,0,0,10
2781.0,J3,0,0,0,10
2781.0,J4,0,0,0,10
2786.0,J1,2,1,1,10
2786.0,J2,0,0,0,10
2786.0,J3,1,1,1,10
2786.0,J4,0,0,0,10
2791.0,J1,2,1,1,11
2791.0,J2,0,0,0,11
2791.0,J3,1,0,0,11
2791.0,J4,0,0,0,11
2796.0,J1,0,0,0,10
2796.0,J2,3,1,1,10
2796.0,J3,0,1,1,10
2796.0,J4,0,0,0,10
2801.0,J1,0,3,3,9
2801.0,J2,3,0,0,9
2801.0,J3,0,1,1,9
2801.0,J4,0,0,0,9
2806.0,J1,1,1,1,9
2806.0,J2,0,0,0,9
2806.0,J3,0,0,0,9
2806.0,J4,0,0,0,9
2811.0,J1,1,0,0,8
2811.0,J2,0,0,0,8
2811.0,J3,0,0,0,8
2811.0,J4,0,0,0,8
2816.0,J1,0,0,0,8
2816.0,J2,3,1,1,8
2816.0,J3,0,0,0,8
2816.0,J4,0,0,0,8
2821.0,J1,0,3,3,9
2821.0,J2,3,0,0,9
2821.0,J3,0,0,0,9
2821.0,J4,0,0,0,9
2826.0,J1,3,1,1,10
2826.0,J2,1,1,1,10
2826.0,J3,1,2,2,10
2826.0,J4,0,0,0,10
2831.0,J1,3,0,0,10
2831.0,J2,1,0,0,10
2831.0,J3,1,0,0,10
2831.0,J4,0,0,0,10
2836.0,J1,0,0,0,10
2836.0,J2,0,0,0,10
2836.0,J3,0,0,0,10
2836.0,J4,0,0,0,10
2841.0,J1,0,3,3,8
2841.0,J2,0,0,0,8
2841.0,J3,0,0,0,8
2841.0,J4,0,0,0,8
2846.0,J1,1,1,1,8
2846.0,J2,1,1,1,8
2846.0,J3,0,0,0,8
2846.0,J4,0,0,0,8
2851.0,J1,1,1,1,10
2851.0,J2,1,0,0,10
2851.0,J3,0,1,1,10
2851.0,J4,0,0,0,10
2856.0,J1,1,0,0,10
2856.0,J2,0,1,1,10
2856.0,J3,0,0,0,10
2856.0,J4,0,0,0,10
2861.0,J1,3,3,3,11
2861.0,J2,0,0,0,11
2861.0,J3,0,0,0,11
2861.0,J4,0,0,0,11
2866.0,J1,3,0,0,10
2866.0,J2,1,1,1,10
2866.0,J3,1,1,1,10
2866.0,J4,0,0,0,10
2871.0,J1,0,0,0,8
2871.0,J2,1,0,0,8
2871.0,J3,1,0,0,8
2871.0,J4,0,0,0,8
2876.0,J1,0,0,0,9
2876.0,J2,0,0,0,9
2876.0,J3,0,1,1,9
2876.0,J4,0,0,0,9
2881.0,J1,1,3,3,8
2881.0,J2,0,0,0,8
2881.0,J3,0,0,0,8
2881.0,J4,0,0,0,8
2886.0,J1,1,1,1,9
2886.0,J2,0,0,0,9
2886.0,J3,0,0,0,9
2886.0,J4,0,0,0,9
2891.0,J1,3,1,1,8
2891.0,J2,1,1,1,8
2891.0,J3,0,0,0,8
2891.0,J4,0,0,0,8
2896.0,J1,3,0,0,8
2896.0,J2,1,0,0,8
2896.0,J3,0,0,0,8
2896.0,J4,0,0,0,8
2901.0,J1,1,2,3,10
2901.0,J2,0,0,0,10
2901.0,J3,1,2,2,10
2901.0,J4,0,0,0,10
2906.0,J1,1,0,0,9
2906.0,J2,0,0,0,9
2906.0,J3,1,0,0,9
2906.0,J4,0,0,0,9
2911.0,J1,0,1,1,10
2911.0,J2,0,0,0,10
2911.0,J3,0,0,0,10
2911.0,J4,0,0,0,10
2916.0,J1,0,0,0,9
2916.0,J2,1,1,1,9
2916.0,J3,0,0,0,9
2916.0,J4,0,0,0,9
2921.0,J1,3,3,3,10
2921.0,J2,1,0,0,10
2921.0,J3,1,1,1,10
2921.0,J4,0,0,0,10
2926.0,J1,3,1,1,11
2926.0,J2,0,0,0,11
2926.0,J3,1,1,1,11
2926.0,J4,0,0,0,11
2931.0,J1,1,1,1,9
2931.0,J2,0,0,0,9
2931.0,J3,0,0,0,9
2931.0,J4,0,0,0,9
2936.0,J1,1,0,0,7
2936.0,J2,0,0,0,7
2936.0,J3,0,0,0,7
2936.0,J4,0,0,0,7
2941.0,J1,3,3,3,9
2941.0,J2,1,1,1,9
2941.0,J3,0,0,0,9
2941.0,J4,0,0,0,9
2946.0,J1,3,0,0,10
2946.0,J2,1,0,0,10
2946.0,J3,0,0,0,10
2946.0,J4,0,0,0,10
2951.0,J1,0,0,0,10
2951.0,J2,0,0,0,10
2951.0,J3,1,2,2,10
2951.0,J4,0,0,0,10
2956.0,J1,0,0,0,9
2956.0,J2,0,0,0,9
2956.0,J3,1,0,0,9
2956.0,J4,0,0,0,9
2961.0,J1,1,3,3,10
2961.0,J2,0,0,0,10
2961.0,J3,0,0,0,10
2961.0,J4,0,0,0,10
2966.0,J1,1,0,0,8
2966.0,J2,1,1,1,8
2966.0,J3,0,0,0,8
2966.0,J4,0,0,0,8
2971.0,J1,0,1,1,9
2971.0,J2,1,1,1,9
2971.0,J3,0,0,0,9
2971.0,J4,0,0,0,9
2976.0,J1,0,0,0,10
2976.0,J2,0,1,1,10
2976.0,J3,0,1,1,10
2976.0,J4,0,0,0,10
2981.0,J1,1,2,3,10
2981.0,J2,0,1,1,10
2981.0,J3,1,1,1,10
2981.0,J4,0,0,0,10
2986.0,J1,1,0,1,10
2986.0,J2,3,1,1,10
2986.0,J3,1,0,0,10
2986.0,J4,0,0,0,10
2991.0,J1,2,1,1,9
2991.0,J2,3,0,0,9
2991.0,J3,0,0,0,9
2991.0,J4,0,0,0,9
2996.0,J1,2,1,1,8
2996.0,J2,0,0,0,8
2996.0,J3,0,0,0,8
2996.0,J4,0,0,0,8
3001.0,J1,0,3,3,11
3001.0,J2,0,0,0,11
3001.0,J3,1,2,2,11
3001.0,J4,0,0,0,11
3006.0,J1,0,1,1,12
3006.0,J2,0,0,0,12
3006.0,J3,1,0,0,12
3006.0,J4,0,0,0,12
3011.0,J1,1,1,1,10
3011.0,J2,0,0,0,10
3011.0,J3,0,0,0,10
3011.0,J4,0,0,0,10
3016.0,J1,1,1,1,7
3016.0,J2,0,0,0,7
3016.0,J3,0,0,0,7
3016.0,J4,0,0,0,7
3021.0,J1,0,3,3,9
3021.0,J2,3,1,1,9
3021.0,J3,0,0,0,9
3021.0,J4,0,0,0,9
3026.0,J1,0,1,1,10
3026.0,J2,3,0,0,10
3026.0,J3,0,1,1,10
3026.0,J4,0,0,0,10
3031.0,J1,2,2,2,11
3031.0,J2,0,1,1,11
3031.0,J3,0,0,0,11
3031.0,J4,0,0,0,11
3036.0,J1,2,0,0,11
3036.0,J2,0,0,0,11
3036.0,J3,1,2,2,11
3036.0,J4,0,0,0,11
3041.0,J1,0,3,3,13
3041.0,J2,3,1,1,13
3041.0,J3,1,0,0,13
3041.0,J4,0,0,0,13
3046.0,J1,0,1,1,11
3046.0,J2,3,0,0,11
3046.0,J3,0,1,1,11
3046.0,J4,0,0,0,11
3051.0,J1,1,1,1,11
3051.0,J2,0,0,0,11
3051.0,J3,0,1,1,11
3051.0,J4,0,0,0,11
3056.0,J1,1,1,1,10
3056.0,J2,0,0,0,10
3056.0,J3,0,0,0,10
3056.0,J4,0,0,0,10
3061.0,J1,3,3,3,11
3061.0,J2,3,1,1,11
3061.0,J3,0,0,0,11
3061.0,J4,0,0,0,11
3066.0,J1,3,0,0,11
3066.0,J2,3,0,0,11
3066.0,J3,0,0,0,11
3066.0,J4,0,0,0,11
3071.0,J1,0,0,0,10
3071.0,J2,0,0,0,10
3071.0,J3,1,1,1,10
3071.0,J4,0,0,0,10
3076.0,J1,0,0,0,10
3076.0,J2,0,1,1,10
3076.0,J3,1,1,1,10
3076.0,J4,0,0,0,10
3081.0,J1,1,3,3,12
3081.0,J2,1,1,1,12
3081.0,J3,0,0,0,12
3081.0,J4,0,0,0,12
3086.0,J1,1,1,1,9
3086.0,J2,1,0,0,9
3086.0,J3,0,0,0,9
3086.0,J4,0,0,0,9
3091.0,J1,3,2,2,10
3091.0,J2,0,0,0,10
3091.0,J3,0,0,0,10
3091.0,J4,0,0,0,10
3096.0,J1,3,0,0,9
3096.0,J2,0,0,0,9
3096.0,J3,0,0,0,9
3096.0,J4,0,0,0,9
3101.0,J1,1,2,3,11
3101.0,J2,0,0,0,11
3101.0,J3,1,2,2,11
3101.0,J4,0,0,0,11
3106.0,J1,1,0,0,9
3106.0,J2,0,0,0,9
3106.0,J3,1,0,0,9
3106.0,J4,0,0,0,9
3111.0,J1,0,0,0,9
3111.0,J2,0,0,0,9
3111.0,J3,0,0,0,9
3111.0,J4,0,0,0,9
3116.0,J1,0,0,0,8
3116.0,J2,1,1,1,8
3116.0,J3,0,0,0,8
3116.0,J4,0,0,0,8
3121.0,J1,3,3,3,10
3121.0,J2,1,0,0,10
3121.0,J3,1,1,1,10
3121.0,J4,0,0,0,10
3126.0,J1,3,1,1,11
3126.0,J2,0,0,0,11
3126.0,J3,1,1,1,11
3126.0,J4,0,0,0,11
3131.0,J1,1,1,1,9
3131.0,J2,0,0,0,9
3131.0,J3,0,0,0,9
3131.0,J4,0,0,0,9
3136.0,J1,1,0,0,7
3136.0,J2,0,0,0,7
3136.0,J3,0,0,0,7
3136.0,J4,0,0,0,7
3141.0,J1,3,3,3,9
3141.0,J2,1,1,1,9
3141.0,J3,0,0,0,9
3141.0,J4,0,0,0,9
3146.0,J1,3,0,0,9
3146.0,J2,1,0,0,9
3146.0,J3,0,0,0,9
3146.0,J4,0,0,0,9
3151.0,J1,0,1,1,11
3151.0,J2,0,0,0,11
3151.0,J3,1,2,2,11
3151.0,J4,0,0,0,11
3156.0,J1,0,0,0,10
3156.0,J2,0,0,0,10
3156.0,J3,1,0,0,10
3156.0,J4,0,0,0,10
3161.0,J1,1,3,3,11
3161.0,J2,0,0,0,11
3161.0,J3,0,0,0,11
3161.0,J4,0,0,0,11
3166.0,J1,1,1,1,8
3166.0,J2,1,1,1,8
3166.0,J3,0,0,0,8
3166.0,J4,0,0,0,8
3171.0,J1,3,1,1,8
3171.0,J2,1,0,0,8
3171.0,J3,0,0,0,8
3171.0,J4,0,0,0,8
3176.0,J1,3,0,0,9
3176.0,J2,0,0,0,9
3176.0,J3,0,1,1,9
3176.0,J4,0,0,0,9
3181.0,J1,0,3,3,10
3181.0,J2,0,0,0,10
3181.0,J3,1,1,1,10
3181.0,J4,0,0,0,10
3186.0,J1,0,1,1,10
3186.0,J2,0,0,0,10
3186.0,J3,1,0,0,10
3186.0,J4,0,0,0,10
3191.0,J1,1,1,1,9
3191.0,J2,0,0,0,9
3191.0,J3,0,0,0,9
3191.0,J4,0,0,0,9
3196.0,J1,1,0,0,8
3196.0,J2,1,1,1,8
3196.0,J3,0,0,0,8
3196.0,J4,0,0,0,8
3201.0,J1,0,3,3,11
3201.0,J2,1,1,1,11
3201.0,J3,0,1,1,11
3201.0,J4,0,0,0,11
3206.0,J1,0,0,0,11
3206.0,J2,3,1,1,11
3206.0,J3,0,0,0,11
3206.0,J4,0,0,0,11
3211.0,J1,0,1,1,10
3211.0,J2,3,0,0,10
3211.0,J3,1,1,1,10
3211.0,J4,0,0,0,10
3216.0,J1,1,0,0,10
3216.0,J2,0,1,1,10
3216.0,J3,1,0,0,10
3216.0,J4,0,0,0,10
3221.0,J1,1,2,2,12
3221.0,J2,0,0,0,12
3221.0,J3,0,1,1,12
3221.0,J4,0,0,0,12
3226.0,J1,0,0,0,11
3226.0,J2,1,1,1,11
3226.0,J3,0,1,1,11
3226.0,J4,0,0,0,11
3231.0,J1,0,0,0,10
3231.0,J2,1,1,1,10
3231.0,J3,0,0,0,10
3231.0,J4,0,0,0,10
3236.0,J1,0,0,0,9
3236.0,J2,3,1,1,9
3236.0,J3,1,1,1,9
3236.0,J4,0,0,0,9
3241.0,J1,1,3,3,9
3241.0,J2,3,1,1,9
3241.0,J3,1,0,0,9
3241.0,J4,0,0,0,9
3246.0,J1,1,0,0,10
3246.0,J2,0,1,1,10
3246.0,J3,0,0,0,10
3246.0,J4,0,0,0,10
3251.0,J1,0,0,0,10
3251.0,J2,0,1,1,10
3251.0,J3,0,1,1,10
3251.0,J4,0,0,0,10
3256.0,J1,0,1,1,10
3256.0,J2,1,1,1,10
3256.0,J3,0,0,0,10
3256.0,J4,0,0,0,10
3261.0,J1,2,3,3,10
3261.0,J2,1,0,0,10
3261.0,J3,1,1,1,10
3261.0,J4,0,0,0,10
3266.0,J1,2,1,1,10
3266.0,J2,0,0,0,10
3266.0,J3,1,0,0,10
3266.0,J4,0,0,0,10
3271.0,J1,1,2,2,9
3271.0,J2,0,1,1,9
3271.0,J3,0,0,0,9
3271.0,J4,0,0,0,9
3276.0,J1,1,0,0,9
3276.0,J2,3,1,1,9
3276.0,J3,0,1,1,9
3276.0,J4,0,0,0,9
3281.0,J1,0,3,3,10
3281.0,J2,3,0,0,10
3281.0,J3,0,0,0,10
3281.0,J4,0,0,0,10
3286.0,J1,0,1,1,9
3286.0,J2,0,0,0,9
3286.0,J3,0,0,0,9
3286.0,J4,0,0,0,9
3291.0,J1,2,1,1,9
3291.0,J2,0,0,0,9
3291.0,J3,1,1,1,9
3291.0,J4,0,0,0,9
3296.0,J1,2,0,0,9
3296.0,J2,0,0,0,9
3296.0,J3,1,0,0,9
3296.0,J4,0,0,0,9
3301.0,J1,1,3,3,11
3301.0,J2,3,1,1,11
3301.0,J3,0,1,1,11
3301.0,J4,0,0,0,11
3306.0,J1,1,1,1,9
3306.0,J2,3,0,0,9
3306.0,J3,0,0,0,9
3306.0,J4,0,0,0,9
3311.0,J1,3,1,1,9
3311.0,J2,0,0,0,9
3311.0,J3,0,0,0,9
3311.0,J4,0,0,0,9
3316.0,J1,3,0,0,8
3316.0,J2,0,1,1,8
3316.0,J3,0,0,0,8
3316.0,J4,0,0,0,8
3321.0,J1,1,2,3,10
3321.0,J2,1,1,1,10
3321.0,J3,1,1,1,10
3321.0,J4,0,0,0,10
3326.0,J1,1,0,0,10
3326.0,J2,1,0,0,10
3326.0,J3,1,1,1,10
3326.0,J4,0,0,0,10
3331.0,J1,0,1,1,11
3331.0,J2,0,0,0,11
3331.0,J3,0,0,0,11
3331.0,J4,0,0,0,11
3336.0,J1,0,0,0,9
3336.0,J2,0,0,0,9
3336.0,J3,0,0,0,9
3336.0,J4,0,0,0,9
3341.0,J1,3,3,3,11
3341.0,J2,0,0,0,11
3341.0,J3,1,1,1,11
3341.0,J4,0,0,0,11
3346.0,J1,3,1,1,10
3346.0,J2,1,1,1,10
3346.0,J3,1,0,0,10
3346.0,J4,0,0,0,10
3351.0,J1,1,1,1,10
3351.0,J2,1,0,0,10
3351.0,J3,0,1,1,10
3351.0,J4,0,0,0,10
3356.0,J1,1,1,1,8
3356.0,J2,0,0,0,8
3356.0,J3,0,0,0,8
3356.0,J4,0,0,0,8
3361.0,J1,3,3,3,9
3361.0,J2,0,0,0,9
3361.0,J3,0,0,0,9
3361.0,J4,0,0,0,9
3366.0,J1,3,0,0,10
3366.0,J2,0,0,0,10
3366.0,J3,0,0,0,10
3366.0,J4,0,0,0,10
3371.0,J1,0,0,0,9
3371.0,J2,1,1,1,9
3371.0,J3,1,1,1,9
3371.0,J4,0,0,0,9
3376.0,J1,0,0,0,10
3376.0,J2,1,0,0,10
3376.0,J3,1,1,1,10
3376.0,J4,0,0,0,10
3381.0,J1,1,3,3,12
3381.0,J2,0,0,0,12
3381.0,J3,0,0,0,12
3381.0,J4,0,0,0,12
3386.0,J1,1,1,1,8
3386.0,J2,0,0,0,8
3386.0,J3,0,0,0,8
3386.0,J4,0,0,0,8
3391.0,J1,3,2,2,9
3391.0,J2,0,0,0,9
3391.0,J3,0,0,0,9
3391.0,J4,0,0,0,9
3396.0,J1,3,0,0,9
3396.0,J2,1,1,1,9
3396.0,J3,0,0,0,9
3396.0,J4,0,0,0,9
3401.0,J1,1,2,3,11
3401.0,J2,1,0,0,11
3401.0,J3,1,2,2,11
3401.0,J4,0,0,0,11
3406.0,J1,1,0,0,10
3406.0,J2,0,0,0,10
3406.0,J3,1,0,0,10
3406.0,J4,0,0,0,10
3411.0,J1,0,0,0,9
3411.0,J2,0,0,0,9
3411.0,J3,0,0,0,9
3411.0,J4,0,0,0,9
3416.0,J1,0,0,0,8
3416.0,J2,1,1,1,8
3416.0,J3,0,0,0,8
3416.0,J4,0,0,0,8
3421.0,J1,1,2,3,10
3421.0,J2,1,0,0,10
3421.0,J3,1,1,1,10
3421.0,J4,0,0,0,10
3426.0,J1,1,0,0,12
3426.0,J2,0,1,1,12
3426.0,J3,1,1,1,12
3426.0,J4,0,0,0,12
3431.0,J1,0,0,0,10
3431.0,J2,0,1,1,10
3431.0,J3,0,0,0,10
3431.0,J4,0,0,0,10
3436.0,J1,0,0,0,8
3436.0,J2,3,1,1,8
3436.0,J3,0,0,0,8
3436.0,J4,0,0,0,8
3441.0,J1,1,2,3,9
3441.0,J2,3,1,1,9
3441.0,J3,1,1,1,9
3441.0,J4,0,0,0,9
3446.0,J1,1,0,0,9
3446.0,J2,1,1,1,9
3446.0,J3,1,0,0,9
3446.0,J4,0,0,0,9
3451.0,J1,0,1,1,11
3451.0,J2,1,0,0,11
3451.0,J3,0,1,1,11
3451.0,J4,0,0,0,11
3456.0,J1,0,1,1,10
3456.0,J2,0,1,1,10
3456.0,J3,0,0,0,10
3456.0,J4,0,0,0,10
3461.0,J1,1,3,3,10
3461.0,J2,0,0,0,10
3461.0,J3,0,0,0,10
3461.0,J4,0,0,0,10
3466.0,J1,1,1,1,10
3466.0,J2,0,0,0,10
3466.0,J3,1,1,1,10
3466.0,J4,0,0,0,10
3471.0,J1,2,0,1,8
3471.0,J2,3,1,1,8
3471.0,J3,1,0,0,8
3471.0,J4,0,0,0,8
3476.0,J1,2,0,0,9
3476.0,J2,3,0,0,9
3476.0,J3,0,1,1,9
3476.0,J4,0,0,0,9
3481.0,J1,1,3,3,10
3481.0,J2,0,1,1,10
3481.0,J3,0,0,0,10
3481.0,J4,0,0,0,10
3486.0,J1,1,1,1,11
3486.0,J2,0,0,0,11
3486.0,J3,0,0,0,11
3486.0,J4,0,0,0,11
3491.0,J1,0,1,1,10
3491.0,J2,0,0,0,10
3491.0,J3,0,0,0,10
3491.0,J4,0,0,0,10
3496.0,J1,0,1,1,7
3496.0,J2,0,0,0,7
3496.0,J3,0,0,0,7
3496.0,J4,0,0,0,7
3501.0,J1,3,3,3,10
3501.0,J2,0,0,0,10
3501.0,J3,1,2,2,10
3501.0,J4,0,0,0,10
3506.0,J1,3,1,1,9
3506.0,J2,0,0,0,9
3506.0,J3,1,0,0,9
3506.0,J4,0,0,0,9
3511.0,J1,1,2,2,10
3511.0,J2,3,1,1,10
3511.0,J3,0,0,0,10
3511.0,J4,0,0,0,10
3516.0,J1,1,1,1,9
3516.0,J2,3,0,0,9
3516.0,J3,0,0,0,9
3516.0,J4,0,0,0,9
3521.0,J1,0,3,3,10
3521.0,J2,0,0,0,10
3521.0,J3,0,0,0,10
3521.0,J4,0,0,0,10
3526.0,J1,0,1,1,11
3526.0,J2,0,0,0,11
3526.0,J3,0,1,1,11
3526.0,J4,0,0,0,11
3531.0,J1,2,1,1,11
3531.0,J2,0,0,0,11
3531.0,J3,0,0,0,11
3531.0,J4,0,0,0,11
3536.0,J1,2,0,0,10
3536.0,J2,0,0,0,10
3536.0,J3,1,2,2,10
3536.0,J4,0,0,0,10
3541.0,J1,1,3,3,12
3541.0,J2,3,1,1,12
3541.0,J3,1,0,0,12
3541.0,J4,0,0,0,12
3546.0,J1,1,1,1,11
3546.0,J2,3,1,1,11
3546.0,J3,0,1,1,11
3546.0,J4,0,0,0,11
3551.0,J1,3,1,1,11
3551.0,J2,1,1,1,11
3551.0,J3,0,1,1,11
3551.0,J4,0,0,0,11
3556.0,J1,3,0,0,9
3556.0,J2,1,0,0,9
3556.0,J3,0,0,0,9
3556.0,J4,0,0,0,9
3561.0,J1,0,3,3,11
3561.0,J2,0,0,0,11
3561.0,J3,1,1,1,11
3561.0,J4,0,0,0,11
3566.0,J1,0,1,1,9
3566.0,J2,0,0,0,9
3566.0,J3,1,0,0,9
3566.0,J4,0,0,0,9
3571.0,J1,1,2,2,10
3571.0,J2,0,0,0,10
3571.0,J3,0,1,1,10
3571.0,J4,0,0,0,10
3576.0,J1,1,1,1,10
3576.0,J2,1,1,1,10
3576.0,J3,0,1,1,10
3576.0,J4,0,0,0,10
3581.0,J1,3,3,3,11
3581.0,J2,1,1,1,11
3581.0,J3,0,0,0,11
3581.0,J4,0,0,0,11
3586.0,J1,3,0,0,11
3586.0,J2,3,1,1,11
3586.0,J3,0,0,0,11
3586.0,J4,0,0,0,11
3591.0,J1,0,0,0,9
3591.0,J2,3,0,0,9
3591.0,J3,1,1,1,9
3591.0,J4,0,0,0,9
3596.0,J1,0,0,0,9
3596.0,J2,0,0,0,9
3596.0,J3,1,0,0,9
3596.0,J4,0,0,0,9
